solid OpenSCAD_Model
  facet normal 1 -0 0
    outer loop
      vertex 0.5 2 32
      vertex 0.5 58 30
      vertex 0.5 58 32
    endloop
  endfacet
  facet normal 1 0 0
    outer loop
      vertex 0.5 58 30
      vertex 0.5 2 32
      vertex 0.5 2 30
    endloop
  endfacet
  facet normal 0 0 -1
    outer loop
      vertex 2 2 32
      vertex 0.5 2 32
      vertex 2 56 32
    endloop
  endfacet
  facet normal 0 0 -1
    outer loop
      vertex 72.8 56 32
      vertex 74.3 2 32
      vertex 72.8 2 32
    endloop
  endfacet
  facet normal 0 0 -1
    outer loop
      vertex 74.3 2 32
      vertex 72.8 56 32
      vertex 74.3 58 32
    endloop
  endfacet
  facet normal 0 0 -1
    outer loop
      vertex 2 56 32
      vertex 74.3 58 32
      vertex 72.8 56 32
    endloop
  endfacet
  facet normal 0 0 -1
    outer loop
      vertex 2 56 32
      vertex 0.5 58 32
      vertex 74.3 58 32
    endloop
  endfacet
  facet normal 0 0 -1
    outer loop
      vertex 0.5 58 32
      vertex 2 56 32
      vertex 0.5 2 32
    endloop
  endfacet
  facet normal 1 0 0
    outer loop
      vertex 2 56 30
      vertex 2 22 5
      vertex 2 56 2
    endloop
  endfacet
  facet normal 1 -0 0
    outer loop
      vertex 2 2 30
      vertex 2 22 5
      vertex 2 56 30
    endloop
  endfacet
  facet normal 1 0 0
    outer loop
      vertex 2 16.15 3
      vertex 2 20.8 5
      vertex 2 16.15 7
    endloop
  endfacet
  facet normal 1 0 0
    outer loop
      vertex 2 22 5
      vertex 2 16.15 7
      vertex 2 20.8 5
    endloop
  endfacet
  facet normal 1 0 0
    outer loop
      vertex 2 22 5
      vertex 2 2 30
      vertex 2 16.15 7
    endloop
  endfacet
  facet normal 1 0 0
    outer loop
      vertex 2 2 2
      vertex 2 6.65 7
      vertex 2 2 30
    endloop
  endfacet
  facet normal 1 0 0
    outer loop
      vertex 2 16.15 7
      vertex 2 2 30
      vertex 2 6.65 7
    endloop
  endfacet
  facet normal 1 0 0
    outer loop
      vertex 2 56 2
      vertex 2 22 5
      vertex 2 22 2
    endloop
  endfacet
  facet normal 1 0 0
    outer loop
      vertex 2 20.8 5
      vertex 2 16.15 3
      vertex 2 20.8 2
    endloop
  endfacet
  facet normal 1 -0 0
    outer loop
      vertex 2 6.65 3
      vertex 2 20.8 2
      vertex 2 16.15 3
    endloop
  endfacet
  facet normal 1 0 0
    outer loop
      vertex 2 6.65 3
      vertex 2 2 2
      vertex 2 20.8 2
    endloop
  endfacet
  facet normal 1 0 0
    outer loop
      vertex 2 6.65 7
      vertex 2 2 2
      vertex 2 6.65 3
    endloop
  endfacet
  facet normal 1 -0 0
    outer loop
      vertex 2 2 33
      vertex 2 56 32
      vertex 2 56 33
    endloop
  endfacet
  facet normal 1 0 0
    outer loop
      vertex 2 56 32
      vertex 2 2 33
      vertex 2 2 32
    endloop
  endfacet
  facet normal 0 0 1
    outer loop
      vertex 74.3 58 30
      vertex 72.8 56 30
      vertex 74.3 2 30
    endloop
  endfacet
  facet normal 0 0 1
    outer loop
      vertex 74.3 58 30
      vertex 2 56 30
      vertex 72.8 56 30
    endloop
  endfacet
  facet normal -0 0 1
    outer loop
      vertex 0.5 58 30
      vertex 2 56 30
      vertex 74.3 58 30
    endloop
  endfacet
  facet normal 0 0 1
    outer loop
      vertex 0.5 2 30
      vertex 2 56 30
      vertex 0.5 58 30
    endloop
  endfacet
  facet normal 0 0 1
    outer loop
      vertex 2 56 30
      vertex 0.5 2 30
      vertex 2 2 30
    endloop
  endfacet
  facet normal 0 0 1
    outer loop
      vertex 74.3 2 30
      vertex 72.8 56 30
      vertex 72.8 2 30
    endloop
  endfacet
  facet normal 0 1 -0
    outer loop
      vertex 49.8 2 2
      vertex 26.52 2 5
      vertex 49.8 2 5
    endloop
  endfacet
  facet normal 0 1 0
    outer loop
      vertex 26.52 2 5
      vertex 49.8 2 2
      vertex 26.52 2 2
    endloop
  endfacet
  facet normal 0 1 -0
    outer loop
      vertex 54.4 2 3.5
      vertex 51 2 5
      vertex 54.4 2 5.1
    endloop
  endfacet
  facet normal 0 1 0
    outer loop
      vertex 54.4 2 3.5
      vertex 51 2 2
      vertex 51 2 5
    endloop
  endfacet
  facet normal 0 1 0
    outer loop
      vertex 51 2 2
      vertex 54.4 2 3.5
      vertex 72.8 2 2
    endloop
  endfacet
  facet normal 0 1 0
    outer loop
      vertex 54.4 2 9.5
      vertex 72.8 2 30
      vertex 69.4 2 9.5
    endloop
  endfacet
  facet normal 0 1 -0
    outer loop
      vertex 72.8 2 2
      vertex 69.4 2 9.5
      vertex 72.8 2 30
    endloop
  endfacet
  facet normal 0 1 0
    outer loop
      vertex 69.4 2 7.9
      vertex 69.4 2 7.3
      vertex 54.4 2 7.9
    endloop
  endfacet
  facet normal 0 1 0
    outer loop
      vertex 69.4 2 9.5
      vertex 72.8 2 2
      vertex 69.4 2 7.9
    endloop
  endfacet
  facet normal 0 1 0
    outer loop
      vertex 69.4 2 7.9
      vertex 72.8 2 2
      vertex 69.4 2 7.3
    endloop
  endfacet
  facet normal 0 1 0
    outer loop
      vertex 69.4 2 5.7
      vertex 69.4 2 5.1
      vertex 54.4 2 5.7
    endloop
  endfacet
  facet normal 0 1 0
    outer loop
      vertex 69.4 2 7.3
      vertex 72.8 2 2
      vertex 69.4 2 5.7
    endloop
  endfacet
  facet normal 0 1 0
    outer loop
      vertex 69.4 2 5.7
      vertex 72.8 2 2
      vertex 69.4 2 5.1
    endloop
  endfacet
  facet normal 0 1 0
    outer loop
      vertex 69.4 2 3.5
      vertex 72.8 2 2
      vertex 54.4 2 3.5
    endloop
  endfacet
  facet normal 0 1 0
    outer loop
      vertex 69.4 2 5.1
      vertex 72.8 2 2
      vertex 69.4 2 3.5
    endloop
  endfacet
  facet normal 0 1 0
    outer loop
      vertex 72.8 2 30
      vertex 72.8 2 32
      vertex 74.3 2 32
    endloop
  endfacet
  facet normal 0 1 0
    outer loop
      vertex 72.8 2 32
      vertex 72.8 2 30
      vertex 2 2 32
    endloop
  endfacet
  facet normal 0 1 0
    outer loop
      vertex 72.8 2 30
      vertex 74.3 2 32
      vertex 74.3 2 30
    endloop
  endfacet
  facet normal 0 1 0
    outer loop
      vertex 2 2 30
      vertex 2 2 32
      vertex 72.8 2 30
    endloop
  endfacet
  facet normal 0 1 0
    outer loop
      vertex 2 2 32
      vertex 2 2 30
      vertex 0.5 2 32
    endloop
  endfacet
  facet normal 0 1 0
    outer loop
      vertex 0.5 2 32
      vertex 2 2 30
      vertex 0.5 2 30
    endloop
  endfacet
  facet normal 0 1 -0
    outer loop
      vertex 72.8 2 32
      vertex 2 2 33
      vertex 72.8 2 33
    endloop
  endfacet
  facet normal 0 1 0
    outer loop
      vertex 2 2 33
      vertex 72.8 2 32
      vertex 2 2 32
    endloop
  endfacet
  facet normal 0 1 0
    outer loop
      vertex 72.8 2 30
      vertex 54.4 2 9.5
      vertex 2 2 30
    endloop
  endfacet
  facet normal 0 1 0
    outer loop
      vertex 51 2 5
      vertex 54.4 2 9.5
      vertex 54.4 2 7.9
    endloop
  endfacet
  facet normal 0 1 0
    outer loop
      vertex 54.4 2 7.3
      vertex 54.4 2 7.9
      vertex 69.4 2 7.3
    endloop
  endfacet
  facet normal 0 1 0
    outer loop
      vertex 51 2 5
      vertex 54.4 2 7.9
      vertex 54.4 2 7.3
    endloop
  endfacet
  facet normal 0 1 0
    outer loop
      vertex 51 2 5
      vertex 54.4 2 7.3
      vertex 54.4 2 5.7
    endloop
  endfacet
  facet normal 0 1 0
    outer loop
      vertex 54.4 2 5.1
      vertex 54.4 2 5.7
      vertex 69.4 2 5.1
    endloop
  endfacet
  facet normal 0 1 0
    outer loop
      vertex 51 2 5
      vertex 54.4 2 5.7
      vertex 54.4 2 5.1
    endloop
  endfacet
  facet normal 0 1 0
    outer loop
      vertex 54.4 2 9.5
      vertex 51 2 5
      vertex 49.8 2 5
    endloop
  endfacet
  facet normal 0 1 0
    outer loop
      vertex 54.4 2 9.5
      vertex 49.8 2 5
      vertex 26.52 2 5
    endloop
  endfacet
  facet normal 0 1 0
    outer loop
      vertex 54.4 2 9.5
      vertex 26.52 2 5
      vertex 2 2 30
    endloop
  endfacet
  facet normal 0 1 -0
    outer loop
      vertex 25.32 2 5
      vertex 2 2 30
      vertex 26.52 2 5
    endloop
  endfacet
  facet normal 0 1 0
    outer loop
      vertex 2 2 2
      vertex 25.32 2 5
      vertex 25.32 2 2
    endloop
  endfacet
  facet normal 0 1 0
    outer loop
      vertex 25.32 2 5
      vertex 2 2 2
      vertex 2 2 30
    endloop
  endfacet
  facet normal -1 0 0
    outer loop
      vertex 72.8 23.8 2
      vertex 72.8 17 3.5
      vertex 72.8 23.8 5
    endloop
  endfacet
  facet normal -1 0 0
    outer loop
      vertex 72.8 23.8 2
      vertex 72.8 15.4 3.5
      vertex 72.8 17 3.5
    endloop
  endfacet
  facet normal -1 0 0
    outer loop
      vertex 72.8 15.4 3.5
      vertex 72.8 12 3.5
      vertex 72.8 15.4 8.5
    endloop
  endfacet
  facet normal -1 0 0
    outer loop
      vertex 72.8 23.8 2
      vertex 72.8 12 3.5
      vertex 72.8 15.4 3.5
    endloop
  endfacet
  facet normal -1 0 0
    outer loop
      vertex 72.8 2 2
      vertex 72.8 12 3.5
      vertex 72.8 23.8 2
    endloop
  endfacet
  facet normal -1 0 0
    outer loop
      vertex 72.8 10.4 3.5
      vertex 72.8 7 3.5
      vertex 72.8 10.4 8.5
    endloop
  endfacet
  facet normal -1 -0 0
    outer loop
      vertex 72.8 12 3.5
      vertex 72.8 2 2
      vertex 72.8 10.4 3.5
    endloop
  endfacet
  facet normal -1 -0 0
    outer loop
      vertex 72.8 10.4 3.5
      vertex 72.8 2 2
      vertex 72.8 7 3.5
    endloop
  endfacet
  facet normal -1 -0 0
    outer loop
      vertex 72.8 5.4 3.5
      vertex 72.8 2 2
      vertex 72.8 5.4 8.5
    endloop
  endfacet
  facet normal -1 -0 0
    outer loop
      vertex 72.8 7 3.5
      vertex 72.8 2 2
      vertex 72.8 5.4 3.5
    endloop
  endfacet
  facet normal -1 0 0
    outer loop
      vertex 72.8 25 5
      vertex 72.8 56 2
      vertex 72.8 25 2
    endloop
  endfacet
  facet normal -1 0 0
    outer loop
      vertex 72.8 56 2
      vertex 72.8 25 5
      vertex 72.8 56 30
    endloop
  endfacet
  facet normal -1 0 0
    outer loop
      vertex 72.8 17 8.5
      vertex 72.8 25 5
      vertex 72.8 23.8 5
    endloop
  endfacet
  facet normal -1 0 0
    outer loop
      vertex 72.8 17 8.5
      vertex 72.8 23.8 5
      vertex 72.8 17 3.5
    endloop
  endfacet
  facet normal -1 0 0
    outer loop
      vertex 72.8 25 5
      vertex 72.8 17 8.5
      vertex 72.8 56 30
    endloop
  endfacet
  facet normal -1 0 0
    outer loop
      vertex 72.8 2 30
      vertex 72.8 17 8.5
      vertex 72.8 15.4 8.5
    endloop
  endfacet
  facet normal -1 0 0
    outer loop
      vertex 72.8 12 8.5
      vertex 72.8 15.4 8.5
      vertex 72.8 12 3.5
    endloop
  endfacet
  facet normal -1 0 0
    outer loop
      vertex 72.8 2 30
      vertex 72.8 15.4 8.5
      vertex 72.8 12 8.5
    endloop
  endfacet
  facet normal -1 0 0
    outer loop
      vertex 72.8 2 30
      vertex 72.8 12 8.5
      vertex 72.8 10.4 8.5
    endloop
  endfacet
  facet normal -1 0 0
    outer loop
      vertex 72.8 7 8.5
      vertex 72.8 10.4 8.5
      vertex 72.8 7 3.5
    endloop
  endfacet
  facet normal -1 0 0
    outer loop
      vertex 72.8 2 30
      vertex 72.8 10.4 8.5
      vertex 72.8 7 8.5
    endloop
  endfacet
  facet normal -1 0 0
    outer loop
      vertex 72.8 2 30
      vertex 72.8 7 8.5
      vertex 72.8 5.4 8.5
    endloop
  endfacet
  facet normal -1 0 0
    outer loop
      vertex 72.8 17 8.5
      vertex 72.8 2 30
      vertex 72.8 56 30
    endloop
  endfacet
  facet normal -1 0 0
    outer loop
      vertex 72.8 2 30
      vertex 72.8 5.4 8.5
      vertex 72.8 2 2
    endloop
  endfacet
  facet normal -1 0 0
    outer loop
      vertex 72.8 2 32
      vertex 72.8 56 33
      vertex 72.8 56 32
    endloop
  endfacet
  facet normal -1 -0 0
    outer loop
      vertex 72.8 56 33
      vertex 72.8 2 32
      vertex 72.8 2 33
    endloop
  endfacet
  facet normal -1 0 0
    outer loop
      vertex 74.3 58 30
      vertex 74.3 5.6 31
      vertex 74.3 58 32
    endloop
  endfacet
  facet normal -1 0 0
    outer loop
      vertex 74.3 58 30
      vertex 74.3 5.58847 30.8829
      vertex 74.3 5.6 31
    endloop
  endfacet
  facet normal -1 0 0
    outer loop
      vertex 74.3 58 30
      vertex 74.3 5.55433 30.7704
      vertex 74.3 5.58847 30.8829
    endloop
  endfacet
  facet normal -1 0 0
    outer loop
      vertex 74.3 58 30
      vertex 74.3 5.49888 30.6667
      vertex 74.3 5.55433 30.7704
    endloop
  endfacet
  facet normal -1 0 0
    outer loop
      vertex 74.3 58 30
      vertex 74.3 5.42426 30.5757
      vertex 74.3 5.49888 30.6667
    endloop
  endfacet
  facet normal -1 0 0
    outer loop
      vertex 74.3 58 30
      vertex 74.3 5.33334 30.5011
      vertex 74.3 5.42426 30.5757
    endloop
  endfacet
  facet normal -1 0 0
    outer loop
      vertex 74.3 58 30
      vertex 74.3 5.22961 30.4457
      vertex 74.3 5.33334 30.5011
    endloop
  endfacet
  facet normal -1 0 0
    outer loop
      vertex 74.3 58 30
      vertex 74.3 5.11705 30.4115
      vertex 74.3 5.22961 30.4457
    endloop
  endfacet
  facet normal -1 0 0
    outer loop
      vertex 74.3 2 30
      vertex 74.3 5.11705 30.4115
      vertex 74.3 58 30
    endloop
  endfacet
  facet normal -1 -0 0
    outer loop
      vertex 74.3 4.41153 30.8829
      vertex 74.3 2 30
      vertex 74.3 4.4 31
    endloop
  endfacet
  facet normal -1 -0 0
    outer loop
      vertex 74.3 4.44567 30.7704
      vertex 74.3 2 30
      vertex 74.3 4.41153 30.8829
    endloop
  endfacet
  facet normal -1 -0 0
    outer loop
      vertex 74.3 4.50112 30.6667
      vertex 74.3 2 30
      vertex 74.3 4.44567 30.7704
    endloop
  endfacet
  facet normal -1 -0 0
    outer loop
      vertex 74.3 4.57574 30.5757
      vertex 74.3 2 30
      vertex 74.3 4.50112 30.6667
    endloop
  endfacet
  facet normal -1 -0 0
    outer loop
      vertex 74.3 4.66666 30.5011
      vertex 74.3 2 30
      vertex 74.3 4.57574 30.5757
    endloop
  endfacet
  facet normal -1 -0 0
    outer loop
      vertex 74.3 4.77039 30.4457
      vertex 74.3 2 30
      vertex 74.3 4.66666 30.5011
    endloop
  endfacet
  facet normal -1 -0 0
    outer loop
      vertex 74.3 4.88295 30.4115
      vertex 74.3 2 30
      vertex 74.3 4.77039 30.4457
    endloop
  endfacet
  facet normal -1 -0 0
    outer loop
      vertex 74.3 5 30.4
      vertex 74.3 2 30
      vertex 74.3 4.88295 30.4115
    endloop
  endfacet
  facet normal -1 0 0
    outer loop
      vertex 74.3 5.11705 30.4115
      vertex 74.3 2 30
      vertex 74.3 5 30.4
    endloop
  endfacet
  facet normal -1 0 0
    outer loop
      vertex 74.3 5.58847 31.1171
      vertex 74.3 58 32
      vertex 74.3 5.6 31
    endloop
  endfacet
  facet normal -1 0 0
    outer loop
      vertex 74.3 5.55433 31.2296
      vertex 74.3 58 32
      vertex 74.3 5.58847 31.1171
    endloop
  endfacet
  facet normal -1 0 0
    outer loop
      vertex 74.3 5.49888 31.3333
      vertex 74.3 58 32
      vertex 74.3 5.55433 31.2296
    endloop
  endfacet
  facet normal -1 0 0
    outer loop
      vertex 74.3 5.42426 31.4243
      vertex 74.3 58 32
      vertex 74.3 5.49888 31.3333
    endloop
  endfacet
  facet normal -1 0 0
    outer loop
      vertex 74.3 5.33334 31.4989
      vertex 74.3 58 32
      vertex 74.3 5.42426 31.4243
    endloop
  endfacet
  facet normal -1 0 0
    outer loop
      vertex 74.3 5.22961 31.5543
      vertex 74.3 58 32
      vertex 74.3 5.33334 31.4989
    endloop
  endfacet
  facet normal -1 0 0
    outer loop
      vertex 74.3 5.11705 31.5885
      vertex 74.3 58 32
      vertex 74.3 5.22961 31.5543
    endloop
  endfacet
  facet normal -1 0 0
    outer loop
      vertex 74.3 2 32
      vertex 74.3 5.11705 31.5885
      vertex 74.3 5 31.6
    endloop
  endfacet
  facet normal -1 0 0
    outer loop
      vertex 74.3 2 32
      vertex 74.3 4.4 31
      vertex 74.3 2 30
    endloop
  endfacet
  facet normal -1 0 0
    outer loop
      vertex 74.3 4.4 31
      vertex 74.3 2 32
      vertex 74.3 4.41153 31.1171
    endloop
  endfacet
  facet normal -1 0 0
    outer loop
      vertex 74.3 4.41153 31.1171
      vertex 74.3 2 32
      vertex 74.3 4.44567 31.2296
    endloop
  endfacet
  facet normal -1 0 0
    outer loop
      vertex 74.3 4.44567 31.2296
      vertex 74.3 2 32
      vertex 74.3 4.50112 31.3333
    endloop
  endfacet
  facet normal -1 0 0
    outer loop
      vertex 74.3 4.50112 31.3333
      vertex 74.3 2 32
      vertex 74.3 4.57574 31.4243
    endloop
  endfacet
  facet normal -1 0 0
    outer loop
      vertex 74.3 5.11705 31.5885
      vertex 74.3 2 32
      vertex 74.3 58 32
    endloop
  endfacet
  facet normal -1 0 0
    outer loop
      vertex 74.3 4.88295 31.5885
      vertex 74.3 2 32
      vertex 74.3 5 31.6
    endloop
  endfacet
  facet normal -1 0 0
    outer loop
      vertex 74.3 4.77039 31.5543
      vertex 74.3 2 32
      vertex 74.3 4.88295 31.5885
    endloop
  endfacet
  facet normal -1 0 0
    outer loop
      vertex 74.3 4.66666 31.4989
      vertex 74.3 2 32
      vertex 74.3 4.77039 31.5543
    endloop
  endfacet
  facet normal -1 0 0
    outer loop
      vertex 74.3 4.57574 31.4243
      vertex 74.3 2 32
      vertex 74.3 4.66666 31.4989
    endloop
  endfacet
  facet normal 0 -1 0
    outer loop
      vertex 4.5 56 2
      vertex 70.3 56 5
      vertex 4.5 56 5
    endloop
  endfacet
  facet normal 0 -1 -0
    outer loop
      vertex 70.3 56 5
      vertex 4.5 56 2
      vertex 70.3 56 2
    endloop
  endfacet
  facet normal 0 -1 0
    outer loop
      vertex 4.5 56 5
      vertex 2 56 30
      vertex 3.3 56 5
    endloop
  endfacet
  facet normal 0 -1 0
    outer loop
      vertex 2 56 2
      vertex 3.3 56 5
      vertex 2 56 30
    endloop
  endfacet
  facet normal 0 -1 -0
    outer loop
      vertex 3.3 56 5
      vertex 2 56 2
      vertex 3.3 56 2
    endloop
  endfacet
  facet normal 0 -1 0
    outer loop
      vertex 2 56 30
      vertex 4.5 56 5
      vertex 72.8 56 30
    endloop
  endfacet
  facet normal 0 -1 0
    outer loop
      vertex 70.3 56 5
      vertex 72.8 56 30
      vertex 4.5 56 5
    endloop
  endfacet
  facet normal 0 -1 0
    outer loop
      vertex 71.5 56 5
      vertex 72.8 56 30
      vertex 70.3 56 5
    endloop
  endfacet
  facet normal 0 -1 0
    outer loop
      vertex 72.8 56 2
      vertex 71.5 56 5
      vertex 71.5 56 2
    endloop
  endfacet
  facet normal 0 -1 0
    outer loop
      vertex 71.5 56 5
      vertex 72.8 56 2
      vertex 72.8 56 30
    endloop
  endfacet
  facet normal 0 -1 0
    outer loop
      vertex 2 56 32
      vertex 72.8 56 33
      vertex 2 56 33
    endloop
  endfacet
  facet normal 0 -1 -0
    outer loop
      vertex 72.8 56 33
      vertex 2 56 32
      vertex 72.8 56 32
    endloop
  endfacet
  facet normal -1 0 0
    outer loop
      vertex 0 16.15 7
      vertex 0 58 0
      vertex 0 16.15 3
    endloop
  endfacet
  facet normal -1 0 0
    outer loop
      vertex 0 0 0
      vertex 0 16.15 3
      vertex 0 58 0
    endloop
  endfacet
  facet normal -1 -0 0
    outer loop
      vertex 0 6.65 3
      vertex 0 0 0
      vertex 0 6.65 7
    endloop
  endfacet
  facet normal -1 -0 0
    outer loop
      vertex 0 16.15 3
      vertex 0 0 0
      vertex 0 6.65 3
    endloop
  endfacet
  facet normal -1 0 0
    outer loop
      vertex 0 58 0
      vertex 0 16.15 7
      vertex 0 58 33
    endloop
  endfacet
  facet normal -1 0 0
    outer loop
      vertex 0 0 33
      vertex 0 16.15 7
      vertex 0 6.65 7
    endloop
  endfacet
  facet normal -1 0 0
    outer loop
      vertex 0 16.15 7
      vertex 0 0 33
      vertex 0 58 33
    endloop
  endfacet
  facet normal -1 0 0
    outer loop
      vertex 0 0 33
      vertex 0 6.65 7
      vertex 0 0 0
    endloop
  endfacet
  facet normal 0 0 1
    outer loop
      vertex 74.8 58 33
      vertex 72.8 56 33
      vertex 74.8 0 33
    endloop
  endfacet
  facet normal 0 0 1
    outer loop
      vertex 74.8 58 33
      vertex 2 56 33
      vertex 72.8 56 33
    endloop
  endfacet
  facet normal 0 0 1
    outer loop
      vertex 2 56 33
      vertex 0 58 33
      vertex 2 2 33
    endloop
  endfacet
  facet normal -0 0 1
    outer loop
      vertex 0 58 33
      vertex 2 56 33
      vertex 74.8 58 33
    endloop
  endfacet
  facet normal -0 0 1
    outer loop
      vertex 72.8 2 33
      vertex 74.8 0 33
      vertex 72.8 56 33
    endloop
  endfacet
  facet normal -0 0 1
    outer loop
      vertex 2 2 33
      vertex 74.8 0 33
      vertex 72.8 2 33
    endloop
  endfacet
  facet normal 0 0 1
    outer loop
      vertex 2 2 33
      vertex 0 0 33
      vertex 74.8 0 33
    endloop
  endfacet
  facet normal 0 0 1
    outer loop
      vertex 0 0 33
      vertex 2 2 33
      vertex 0 58 33
    endloop
  endfacet
  facet normal 1 0 0
    outer loop
      vertex 74.8 58 33
      vertex 74.8 17 8.5
      vertex 74.8 58 0
    endloop
  endfacet
  facet normal 1 -0 0
    outer loop
      vertex 74.8 5.6 31
      vertex 74.8 17 8.5
      vertex 74.8 58 33
    endloop
  endfacet
  facet normal 1 0 0
    outer loop
      vertex 74.8 15.4 8.5
      vertex 74.8 12 8.5
      vertex 74.8 15.4 3.5
    endloop
  endfacet
  facet normal 1 -0 0
    outer loop
      vertex 74.8 5.58847 30.8829
      vertex 74.8 17 8.5
      vertex 74.8 5.6 31
    endloop
  endfacet
  facet normal 1 -0 0
    outer loop
      vertex 74.8 5.49888 30.6667
      vertex 74.8 17 8.5
      vertex 74.8 5.55433 30.7704
    endloop
  endfacet
  facet normal 1 0 0
    outer loop
      vertex 74.8 10.4 8.5
      vertex 74.8 7 8.5
      vertex 74.8 10.4 3.5
    endloop
  endfacet
  facet normal 1 0 0
    outer loop
      vertex 74.8 17 8.5
      vertex 74.8 5.49888 30.6667
      vertex 74.8 15.4 8.5
    endloop
  endfacet
  facet normal 1 -0 0
    outer loop
      vertex 74.8 5.55433 30.7704
      vertex 74.8 17 8.5
      vertex 74.8 5.58847 30.8829
    endloop
  endfacet
  facet normal 1 0 0
    outer loop
      vertex 74.8 58 33
      vertex 74.8 5.58847 31.1171
      vertex 74.8 5.6 31
    endloop
  endfacet
  facet normal 1 0 0
    outer loop
      vertex 74.8 58 33
      vertex 74.8 5.55433 31.2296
      vertex 74.8 5.58847 31.1171
    endloop
  endfacet
  facet normal 1 0 0
    outer loop
      vertex 74.8 58 33
      vertex 74.8 5.49888 31.3333
      vertex 74.8 5.55433 31.2296
    endloop
  endfacet
  facet normal 1 0 0
    outer loop
      vertex 74.8 58 33
      vertex 74.8 5.42426 31.4243
      vertex 74.8 5.49888 31.3333
    endloop
  endfacet
  facet normal 1 0 0
    outer loop
      vertex 74.8 58 33
      vertex 74.8 5.33334 31.4989
      vertex 74.8 5.42426 31.4243
    endloop
  endfacet
  facet normal 1 0 0
    outer loop
      vertex 74.8 58 33
      vertex 74.8 5.22961 31.5543
      vertex 74.8 5.33334 31.4989
    endloop
  endfacet
  facet normal 1 0 0
    outer loop
      vertex 74.8 58 33
      vertex 74.8 5.11705 31.5885
      vertex 74.8 5.22961 31.5543
    endloop
  endfacet
  facet normal 1 -0 0
    outer loop
      vertex 74.8 0 33
      vertex 74.8 5.11705 31.5885
      vertex 74.8 58 33
    endloop
  endfacet
  facet normal 1 0 0
    outer loop
      vertex 74.8 4.41153 31.1171
      vertex 74.8 0 33
      vertex 74.8 4.4 31
    endloop
  endfacet
  facet normal 1 0 0
    outer loop
      vertex 74.8 4.44567 31.2296
      vertex 74.8 0 33
      vertex 74.8 4.41153 31.1171
    endloop
  endfacet
  facet normal 1 0 0
    outer loop
      vertex 74.8 4.50112 31.3333
      vertex 74.8 0 33
      vertex 74.8 4.44567 31.2296
    endloop
  endfacet
  facet normal 1 0 0
    outer loop
      vertex 74.8 4.57574 31.4243
      vertex 74.8 0 33
      vertex 74.8 4.50112 31.3333
    endloop
  endfacet
  facet normal 1 0 0
    outer loop
      vertex 74.8 4.66666 31.4989
      vertex 74.8 0 33
      vertex 74.8 4.57574 31.4243
    endloop
  endfacet
  facet normal 1 0 0
    outer loop
      vertex 74.8 4.77039 31.5543
      vertex 74.8 0 33
      vertex 74.8 4.66666 31.4989
    endloop
  endfacet
  facet normal 1 0 0
    outer loop
      vertex 74.8 4.88295 31.5885
      vertex 74.8 0 33
      vertex 74.8 4.77039 31.5543
    endloop
  endfacet
  facet normal 1 0 0
    outer loop
      vertex 74.8 5 31.6
      vertex 74.8 0 33
      vertex 74.8 4.88295 31.5885
    endloop
  endfacet
  facet normal 1 0 0
    outer loop
      vertex 74.8 5.11705 31.5885
      vertex 74.8 0 33
      vertex 74.8 5 31.6
    endloop
  endfacet
  facet normal 1 -0 0
    outer loop
      vertex 74.8 17 3.5
      vertex 74.8 58 0
      vertex 74.8 17 8.5
    endloop
  endfacet
  facet normal 1 0 0
    outer loop
      vertex 74.8 0 0
      vertex 74.8 17 3.5
      vertex 74.8 15.4 3.5
    endloop
  endfacet
  facet normal 1 0 0
    outer loop
      vertex 74.8 12 3.5
      vertex 74.8 15.4 3.5
      vertex 74.8 12 8.5
    endloop
  endfacet
  facet normal 1 0 0
    outer loop
      vertex 74.8 0 0
      vertex 74.8 15.4 3.5
      vertex 74.8 12 3.5
    endloop
  endfacet
  facet normal 1 0 0
    outer loop
      vertex 74.8 0 0
      vertex 74.8 12 3.5
      vertex 74.8 10.4 3.5
    endloop
  endfacet
  facet normal 1 0 0
    outer loop
      vertex 74.8 7 3.5
      vertex 74.8 10.4 3.5
      vertex 74.8 7 8.5
    endloop
  endfacet
  facet normal 1 0 0
    outer loop
      vertex 74.8 0 0
      vertex 74.8 10.4 3.5
      vertex 74.8 7 3.5
    endloop
  endfacet
  facet normal 1 0 0
    outer loop
      vertex 74.8 0 0
      vertex 74.8 7 3.5
      vertex 74.8 5.4 3.5
    endloop
  endfacet
  facet normal 1 0 0
    outer loop
      vertex 74.8 7 8.5
      vertex 74.8 5.11705 30.4115
      vertex 74.8 5.4 8.5
    endloop
  endfacet
  facet normal 1 -0 0
    outer loop
      vertex 74.8 5 30.4
      vertex 74.8 5.4 8.5
      vertex 74.8 5.11705 30.4115
    endloop
  endfacet
  facet normal 1 0 0
    outer loop
      vertex 74.8 4.88295 30.4115
      vertex 74.8 5.4 8.5
      vertex 74.8 5 30.4
    endloop
  endfacet
  facet normal 1 0 0
    outer loop
      vertex 74.8 4.77039 30.4457
      vertex 74.8 5.4 8.5
      vertex 74.8 4.88295 30.4115
    endloop
  endfacet
  facet normal 1 0 0
    outer loop
      vertex 74.8 4.66666 30.5011
      vertex 74.8 5.4 8.5
      vertex 74.8 4.77039 30.4457
    endloop
  endfacet
  facet normal 1 0 0
    outer loop
      vertex 74.8 0 33
      vertex 74.8 5.4 8.5
      vertex 74.8 4.66666 30.5011
    endloop
  endfacet
  facet normal 1 0 0
    outer loop
      vertex 74.8 0 33
      vertex 74.8 4.66666 30.5011
      vertex 74.8 4.57574 30.5757
    endloop
  endfacet
  facet normal 1 0 0
    outer loop
      vertex 74.8 0 33
      vertex 74.8 4.57574 30.5757
      vertex 74.8 4.50112 30.6667
    endloop
  endfacet
  facet normal 1 0 0
    outer loop
      vertex 74.8 0 33
      vertex 74.8 4.50112 30.6667
      vertex 74.8 4.44567 30.7704
    endloop
  endfacet
  facet normal 1 0 0
    outer loop
      vertex 74.8 0 33
      vertex 74.8 4.44567 30.7704
      vertex 74.8 4.41153 30.8829
    endloop
  endfacet
  facet normal 1 0 0
    outer loop
      vertex 74.8 0 33
      vertex 74.8 4.41153 30.8829
      vertex 74.8 4.4 31
    endloop
  endfacet
  facet normal 1 0 0
    outer loop
      vertex 74.8 0 0
      vertex 74.8 5.4 8.5
      vertex 74.8 0 33
    endloop
  endfacet
  facet normal 1 0 0
    outer loop
      vertex 74.8 17 3.5
      vertex 74.8 0 0
      vertex 74.8 58 0
    endloop
  endfacet
  facet normal 1 0 0
    outer loop
      vertex 74.8 5.4 8.5
      vertex 74.8 0 0
      vertex 74.8 5.4 3.5
    endloop
  endfacet
  facet normal 1 -0 0
    outer loop
      vertex 74.8 5.42426 30.5757
      vertex 74.8 15.4 8.5
      vertex 74.8 5.49888 30.6667
    endloop
  endfacet
  facet normal 1 0 0
    outer loop
      vertex 74.8 15.4 8.5
      vertex 74.8 5.42426 30.5757
      vertex 74.8 12 8.5
    endloop
  endfacet
  facet normal 1 -0 0
    outer loop
      vertex 74.8 5.33334 30.5011
      vertex 74.8 12 8.5
      vertex 74.8 5.42426 30.5757
    endloop
  endfacet
  facet normal 1 0 0
    outer loop
      vertex 74.8 12 8.5
      vertex 74.8 5.33334 30.5011
      vertex 74.8 10.4 8.5
    endloop
  endfacet
  facet normal 1 -0 0
    outer loop
      vertex 74.8 5.22961 30.4457
      vertex 74.8 10.4 8.5
      vertex 74.8 5.33334 30.5011
    endloop
  endfacet
  facet normal 1 -0 0
    outer loop
      vertex 74.8 5.11705 30.4115
      vertex 74.8 7 8.5
      vertex 74.8 5.22961 30.4457
    endloop
  endfacet
  facet normal 1 0 0
    outer loop
      vertex 74.8 10.4 8.5
      vertex 74.8 5.22961 30.4457
      vertex 74.8 7 8.5
    endloop
  endfacet
  facet normal 0 0 -1
    outer loop
      vertex 74.8 0 0
      vertex 61.45 28.4 0
      vertex 74.8 58 0
    endloop
  endfacet
  facet normal 0 0 -1
    outer loop
      vertex 74.8 0 0
      vertex 47.4 13.7 0
      vertex 61.45 28.4 0
    endloop
  endfacet
  facet normal 0 0 -1
    outer loop
      vertex 74.8 0 0
      vertex 47.3616 13.3098 0
      vertex 47.4 13.7 0
    endloop
  endfacet
  facet normal 0 0 -1
    outer loop
      vertex 74.8 0 0
      vertex 47.2478 12.9346 0
      vertex 47.3616 13.3098 0
    endloop
  endfacet
  facet normal 0 0 -1
    outer loop
      vertex 74.8 0 0
      vertex 47.0629 12.5889 0
      vertex 47.2478 12.9346 0
    endloop
  endfacet
  facet normal 0 0 -1
    outer loop
      vertex 74.8 0 0
      vertex 46.8142 12.2858 0
      vertex 47.0629 12.5889 0
    endloop
  endfacet
  facet normal 0 0 -1
    outer loop
      vertex 74.8 0 0
      vertex 46.5111 12.0371 0
      vertex 46.8142 12.2858 0
    endloop
  endfacet
  facet normal 0 0 -1
    outer loop
      vertex 74.8 0 0
      vertex 46.1654 11.8522 0
      vertex 46.5111 12.0371 0
    endloop
  endfacet
  facet normal 0 0 -1
    outer loop
      vertex 74.8 0 0
      vertex 45.7902 11.7384 0
      vertex 46.1654 11.8522 0
    endloop
  endfacet
  facet normal 0 0 -1
    outer loop
      vertex 74.8 0 0
      vertex 45.4 11.7 0
      vertex 45.7902 11.7384 0
    endloop
  endfacet
  facet normal 0 0 -1
    outer loop
      vertex 74.8 0 0
      vertex 45.0098 11.7384 0
      vertex 45.4 11.7 0
    endloop
  endfacet
  facet normal 0 0 -1
    outer loop
      vertex 29.7902 11.7384 0
      vertex 45.0098 11.7384 0
      vertex 74.8 0 0
    endloop
  endfacet
  facet normal 0 0 -1
    outer loop
      vertex 43.4384 13.3098 0
      vertex 31.4 13.7 0
      vertex 43.4 13.7 0
    endloop
  endfacet
  facet normal 0 0 -1
    outer loop
      vertex 31.3616 13.3098 0
      vertex 43.4384 13.3098 0
      vertex 43.5522 12.9346 0
    endloop
  endfacet
  facet normal 0 0 -1
    outer loop
      vertex 31.2478 12.9346 0
      vertex 43.5522 12.9346 0
      vertex 43.7371 12.5889 0
    endloop
  endfacet
  facet normal 0 0 -1
    outer loop
      vertex 31.0629 12.5889 0
      vertex 43.7371 12.5889 0
      vertex 43.9858 12.2858 0
    endloop
  endfacet
  facet normal 0 0 -1
    outer loop
      vertex 30.8142 12.2858 0
      vertex 43.9858 12.2858 0
      vertex 44.2889 12.0371 0
    endloop
  endfacet
  facet normal 0 0 -1
    outer loop
      vertex 30.5111 12.0371 0
      vertex 44.2889 12.0371 0
      vertex 44.6346 11.8522 0
    endloop
  endfacet
  facet normal 0 0 -1
    outer loop
      vertex 45.0098 11.7384 0
      vertex 29.7902 11.7384 0
      vertex 44.6346 11.8522 0
    endloop
  endfacet
  facet normal 0 0 -1
    outer loop
      vertex 43.4384 13.3098 0
      vertex 31.3616 13.3098 0
      vertex 31.4 13.7 0
    endloop
  endfacet
  facet normal 0 0 -1
    outer loop
      vertex 43.5522 12.9346 0
      vertex 31.2478 12.9346 0
      vertex 31.3616 13.3098 0
    endloop
  endfacet
  facet normal 0 0 -1
    outer loop
      vertex 43.7371 12.5889 0
      vertex 31.0629 12.5889 0
      vertex 31.2478 12.9346 0
    endloop
  endfacet
  facet normal 0 0 -1
    outer loop
      vertex 43.9858 12.2858 0
      vertex 30.8142 12.2858 0
      vertex 31.0629 12.5889 0
    endloop
  endfacet
  facet normal 0 0 -1
    outer loop
      vertex 44.2889 12.0371 0
      vertex 30.5111 12.0371 0
      vertex 30.8142 12.2858 0
    endloop
  endfacet
  facet normal 0 0 -1
    outer loop
      vertex 44.6346 11.8522 0
      vertex 30.1654 11.8522 0
      vertex 30.5111 12.0371 0
    endloop
  endfacet
  facet normal -0 0 -1
    outer loop
      vertex 44.6346 11.8522 0
      vertex 29.7902 11.7384 0
      vertex 30.1654 11.8522 0
    endloop
  endfacet
  facet normal 0 0 -1
    outer loop
      vertex 0 0 0
      vertex 29.7902 11.7384 0
      vertex 74.8 0 0
    endloop
  endfacet
  facet normal 0 0 -1
    outer loop
      vertex 29.7902 11.7384 0
      vertex 0 0 0
      vertex 29.4 11.7 0
    endloop
  endfacet
  facet normal 0 0 -1
    outer loop
      vertex 0 0 0
      vertex 27.4 13.7 0
      vertex 27.4384 13.3098 0
    endloop
  endfacet
  facet normal 0 0 -1
    outer loop
      vertex 0 0 0
      vertex 27.4384 13.3098 0
      vertex 27.5522 12.9346 0
    endloop
  endfacet
  facet normal 0 0 -1
    outer loop
      vertex 0 0 0
      vertex 27.5522 12.9346 0
      vertex 27.7371 12.5889 0
    endloop
  endfacet
  facet normal 0 0 -1
    outer loop
      vertex 0 0 0
      vertex 27.7371 12.5889 0
      vertex 27.9858 12.2858 0
    endloop
  endfacet
  facet normal 0 0 -1
    outer loop
      vertex 0 58 0
      vertex 12.9 28.4 0
      vertex 0 0 0
    endloop
  endfacet
  facet normal -0 0 -1
    outer loop
      vertex 27.4 13.7 0
      vertex 0 0 0
      vertex 12.9 28.4 0
    endloop
  endfacet
  facet normal -0 0 -1
    outer loop
      vertex 28.2889 12.0371 0
      vertex 0 0 0
      vertex 27.9858 12.2858 0
    endloop
  endfacet
  facet normal -0 0 -1
    outer loop
      vertex 28.6346 11.8522 0
      vertex 0 0 0
      vertex 28.2889 12.0371 0
    endloop
  endfacet
  facet normal -0 0 -1
    outer loop
      vertex 29.0098 11.7384 0
      vertex 0 0 0
      vertex 28.6346 11.8522 0
    endloop
  endfacet
  facet normal -0 0 -1
    outer loop
      vertex 29.4 11.7 0
      vertex 0 0 0
      vertex 29.0098 11.7384 0
    endloop
  endfacet
  facet normal 0 0 -1
    outer loop
      vertex 61.45 52.11 0
      vertex 74.8 58 0
      vertex 61.45 28.4 0
    endloop
  endfacet
  facet normal 0 0 -1
    outer loop
      vertex 0 58 0
      vertex 61.45 52.11 0
      vertex 12.9 52.11 0
    endloop
  endfacet
  facet normal 0 0 -1
    outer loop
      vertex 61.45 52.11 0
      vertex 0 58 0
      vertex 74.8 58 0
    endloop
  endfacet
  facet normal 0 0 -1
    outer loop
      vertex 12.9 28.4 0
      vertex 0 58 0
      vertex 12.9 52.11 0
    endloop
  endfacet
  facet normal 0 0 -1
    outer loop
      vertex 47.3616 14.0902 0
      vertex 61.45 28.4 0
      vertex 47.4 13.7 0
    endloop
  endfacet
  facet normal 0 0 -1
    outer loop
      vertex 47.2478 14.4654 0
      vertex 61.45 28.4 0
      vertex 47.3616 14.0902 0
    endloop
  endfacet
  facet normal 0 0 -1
    outer loop
      vertex 47.0629 14.8111 0
      vertex 61.45 28.4 0
      vertex 47.2478 14.4654 0
    endloop
  endfacet
  facet normal 0 0 -1
    outer loop
      vertex 46.8142 15.1142 0
      vertex 61.45 28.4 0
      vertex 47.0629 14.8111 0
    endloop
  endfacet
  facet normal 0 0 -1
    outer loop
      vertex 46.5111 15.3629 0
      vertex 61.45 28.4 0
      vertex 46.8142 15.1142 0
    endloop
  endfacet
  facet normal 0 0 -1
    outer loop
      vertex 46.1654 15.5478 0
      vertex 61.45 28.4 0
      vertex 46.5111 15.3629 0
    endloop
  endfacet
  facet normal 0 0 -1
    outer loop
      vertex 45.7902 15.6616 0
      vertex 61.45 28.4 0
      vertex 46.1654 15.5478 0
    endloop
  endfacet
  facet normal 0 0 -1
    outer loop
      vertex 45.4 15.7 0
      vertex 61.45 28.4 0
      vertex 45.7902 15.6616 0
    endloop
  endfacet
  facet normal 0 0 -1
    outer loop
      vertex 45.0098 15.6616 0
      vertex 61.45 28.4 0
      vertex 45.4 15.7 0
    endloop
  endfacet
  facet normal 0 0 -1
    outer loop
      vertex 29.7902 15.6616 0
      vertex 45.0098 15.6616 0
      vertex 44.6346 15.5478 0
    endloop
  endfacet
  facet normal 0 0 -1
    outer loop
      vertex 30.1654 15.5478 0
      vertex 44.6346 15.5478 0
      vertex 44.2889 15.3629 0
    endloop
  endfacet
  facet normal 0 0 -1
    outer loop
      vertex 31.4 13.7 0
      vertex 43.4384 14.0902 0
      vertex 43.4 13.7 0
    endloop
  endfacet
  facet normal 0 0 -1
    outer loop
      vertex 31.3616 14.0902 0
      vertex 43.4384 14.0902 0
      vertex 31.4 13.7 0
    endloop
  endfacet
  facet normal 0 0 -1
    outer loop
      vertex 43.4384 14.0902 0
      vertex 31.3616 14.0902 0
      vertex 43.5522 14.4654 0
    endloop
  endfacet
  facet normal 0 0 -1
    outer loop
      vertex 31.2478 14.4654 0
      vertex 43.5522 14.4654 0
      vertex 31.3616 14.0902 0
    endloop
  endfacet
  facet normal 0 0 -1
    outer loop
      vertex 43.5522 14.4654 0
      vertex 31.2478 14.4654 0
      vertex 43.7371 14.8111 0
    endloop
  endfacet
  facet normal 0 0 -1
    outer loop
      vertex 31.0629 14.8111 0
      vertex 43.7371 14.8111 0
      vertex 31.2478 14.4654 0
    endloop
  endfacet
  facet normal 0 0 -1
    outer loop
      vertex 43.7371 14.8111 0
      vertex 31.0629 14.8111 0
      vertex 43.9858 15.1142 0
    endloop
  endfacet
  facet normal 0 0 -1
    outer loop
      vertex 30.8142 15.1142 0
      vertex 43.9858 15.1142 0
      vertex 31.0629 14.8111 0
    endloop
  endfacet
  facet normal 0 0 -1
    outer loop
      vertex 43.9858 15.1142 0
      vertex 30.8142 15.1142 0
      vertex 44.2889 15.3629 0
    endloop
  endfacet
  facet normal 0 0 -1
    outer loop
      vertex 30.5111 15.3629 0
      vertex 44.2889 15.3629 0
      vertex 30.8142 15.1142 0
    endloop
  endfacet
  facet normal 0 0 -1
    outer loop
      vertex 30.1654 15.5478 0
      vertex 44.2889 15.3629 0
      vertex 30.5111 15.3629 0
    endloop
  endfacet
  facet normal 0 0 -1
    outer loop
      vertex 44.6346 15.5478 0
      vertex 30.1654 15.5478 0
      vertex 29.7902 15.6616 0
    endloop
  endfacet
  facet normal 0 0 -1
    outer loop
      vertex 45.0098 15.6616 0
      vertex 29.7902 15.6616 0
      vertex 61.45 28.4 0
    endloop
  endfacet
  facet normal 0 0 -1
    outer loop
      vertex 12.9 28.4 0
      vertex 29.7902 15.6616 0
      vertex 29.4 15.7 0
    endloop
  endfacet
  facet normal 0 0 -1
    outer loop
      vertex 12.9 28.4 0
      vertex 29.4 15.7 0
      vertex 29.0098 15.6616 0
    endloop
  endfacet
  facet normal 0 0 -1
    outer loop
      vertex 12.9 28.4 0
      vertex 29.0098 15.6616 0
      vertex 28.6346 15.5478 0
    endloop
  endfacet
  facet normal 0 0 -1
    outer loop
      vertex 29.7902 15.6616 0
      vertex 12.9 28.4 0
      vertex 61.45 28.4 0
    endloop
  endfacet
  facet normal 0 0 -1
    outer loop
      vertex 28.2889 15.3629 0
      vertex 12.9 28.4 0
      vertex 28.6346 15.5478 0
    endloop
  endfacet
  facet normal 0 0 -1
    outer loop
      vertex 27.9858 15.1142 0
      vertex 12.9 28.4 0
      vertex 28.2889 15.3629 0
    endloop
  endfacet
  facet normal 0 0 -1
    outer loop
      vertex 27.7371 14.8111 0
      vertex 12.9 28.4 0
      vertex 27.9858 15.1142 0
    endloop
  endfacet
  facet normal 0 0 -1
    outer loop
      vertex 27.5522 14.4654 0
      vertex 12.9 28.4 0
      vertex 27.7371 14.8111 0
    endloop
  endfacet
  facet normal 0 0 -1
    outer loop
      vertex 27.4384 14.0902 0
      vertex 12.9 28.4 0
      vertex 27.5522 14.4654 0
    endloop
  endfacet
  facet normal 0 0 -1
    outer loop
      vertex 12.9 28.4 0
      vertex 27.4384 14.0902 0
      vertex 27.4 13.7 0
    endloop
  endfacet
  facet normal 0 -1 0
    outer loop
      vertex 0 0 33
      vertex 54.4 0 9.5
      vertex 74.8 0 33
    endloop
  endfacet
  facet normal 0 -1 0
    outer loop
      vertex 0 0 0
      vertex 54.4 0 9.5
      vertex 0 0 33
    endloop
  endfacet
  facet normal 0 -1 0
    outer loop
      vertex 54.4 0 7.9
      vertex 54.4 0 7.3
      vertex 69.4 0 7.9
    endloop
  endfacet
  facet normal 0 -1 -0
    outer loop
      vertex 54.4 0 9.5
      vertex 0 0 0
      vertex 54.4 0 7.9
    endloop
  endfacet
  facet normal 0 -1 -0
    outer loop
      vertex 54.4 0 7.9
      vertex 0 0 0
      vertex 54.4 0 7.3
    endloop
  endfacet
  facet normal 0 -1 0
    outer loop
      vertex 54.4 0 5.7
      vertex 54.4 0 5.1
      vertex 69.4 0 5.7
    endloop
  endfacet
  facet normal 0 -1 -0
    outer loop
      vertex 54.4 0 7.3
      vertex 0 0 0
      vertex 54.4 0 5.7
    endloop
  endfacet
  facet normal 0 -1 -0
    outer loop
      vertex 54.4 0 5.7
      vertex 0 0 0
      vertex 54.4 0 5.1
    endloop
  endfacet
  facet normal 0 -1 0
    outer loop
      vertex 74.8 0 0
      vertex 54.4 0 3.5
      vertex 0 0 0
    endloop
  endfacet
  facet normal 0 -1 -0
    outer loop
      vertex 54.4 0 5.1
      vertex 0 0 0
      vertex 54.4 0 3.5
    endloop
  endfacet
  facet normal 0 -1 0
    outer loop
      vertex 69.4 0 9.5
      vertex 74.8 0 33
      vertex 54.4 0 9.5
    endloop
  endfacet
  facet normal 0 -1 0
    outer loop
      vertex 74.8 0 0
      vertex 69.4 0 9.5
      vertex 69.4 0 7.9
    endloop
  endfacet
  facet normal 0 -1 0
    outer loop
      vertex 69.4 0 7.3
      vertex 69.4 0 7.9
      vertex 54.4 0 7.3
    endloop
  endfacet
  facet normal 0 -1 0
    outer loop
      vertex 74.8 0 0
      vertex 69.4 0 7.9
      vertex 69.4 0 7.3
    endloop
  endfacet
  facet normal 0 -1 0
    outer loop
      vertex 74.8 0 0
      vertex 69.4 0 7.3
      vertex 69.4 0 5.7
    endloop
  endfacet
  facet normal 0 -1 0
    outer loop
      vertex 69.4 0 5.1
      vertex 69.4 0 5.7
      vertex 54.4 0 5.1
    endloop
  endfacet
  facet normal 0 -1 0
    outer loop
      vertex 74.8 0 0
      vertex 69.4 0 5.7
      vertex 69.4 0 5.1
    endloop
  endfacet
  facet normal 0 -1 0
    outer loop
      vertex 74.8 0 0
      vertex 69.4 0 5.1
      vertex 69.4 0 3.5
    endloop
  endfacet
  facet normal 0 -1 0
    outer loop
      vertex 69.4 0 9.5
      vertex 74.8 0 0
      vertex 74.8 0 33
    endloop
  endfacet
  facet normal 0 -1 0
    outer loop
      vertex 54.4 0 3.5
      vertex 74.8 0 0
      vertex 69.4 0 3.5
    endloop
  endfacet
  facet normal 0 1 0
    outer loop
      vertex 74.8 58 33
      vertex 74.3 58 32
      vertex 0 58 33
    endloop
  endfacet
  facet normal 0 1 0
    outer loop
      vertex 74.8 58 33
      vertex 74.3 58 30
      vertex 74.3 58 32
    endloop
  endfacet
  facet normal 0 1 0
    outer loop
      vertex 74.3 58 30
      vertex 74.8 58 0
      vertex 0.5 58 30
    endloop
  endfacet
  facet normal 0 1 -0
    outer loop
      vertex 74.8 58 0
      vertex 74.3 58 30
      vertex 74.8 58 33
    endloop
  endfacet
  facet normal 0 1 -0
    outer loop
      vertex 0.5 58 32
      vertex 0 58 33
      vertex 74.3 58 32
    endloop
  endfacet
  facet normal 0 1 -0
    outer loop
      vertex 0.5 58 30
      vertex 0 58 33
      vertex 0.5 58 32
    endloop
  endfacet
  facet normal 0 1 0
    outer loop
      vertex 0.5 58 30
      vertex 0 58 0
      vertex 0 58 33
    endloop
  endfacet
  facet normal 0 1 0
    outer loop
      vertex 0 58 0
      vertex 0.5 58 30
      vertex 74.8 58 0
    endloop
  endfacet
  facet normal 0 0 1
    outer loop
      vertex 3.3 56 2
      vertex 2 56 2
      vertex 3.3 23.8 2
    endloop
  endfacet
  facet normal 0 0 1
    outer loop
      vertex 49.8 23.8 2
      vertex 47.4 13.7 2
      vertex 49.8 2 2
    endloop
  endfacet
  facet normal 0 0 1
    outer loop
      vertex 49.8 23.8 2
      vertex 47.3616 14.0902 2
      vertex 47.4 13.7 2
    endloop
  endfacet
  facet normal 0 0 1
    outer loop
      vertex 49.8 23.8 2
      vertex 47.2478 14.4654 2
      vertex 47.3616 14.0902 2
    endloop
  endfacet
  facet normal 0 0 1
    outer loop
      vertex 49.8 23.8 2
      vertex 47.0629 14.8111 2
      vertex 47.2478 14.4654 2
    endloop
  endfacet
  facet normal 0 0 1
    outer loop
      vertex 49.8 23.8 2
      vertex 46.8142 15.1142 2
      vertex 47.0629 14.8111 2
    endloop
  endfacet
  facet normal 0 0 1
    outer loop
      vertex 49.8 23.8 2
      vertex 46.5111 15.3629 2
      vertex 46.8142 15.1142 2
    endloop
  endfacet
  facet normal 0 0 1
    outer loop
      vertex 49.8 23.8 2
      vertex 46.1654 15.5478 2
      vertex 46.5111 15.3629 2
    endloop
  endfacet
  facet normal 0 0 1
    outer loop
      vertex 49.8 23.8 2
      vertex 45.7902 15.6616 2
      vertex 46.1654 15.5478 2
    endloop
  endfacet
  facet normal 0 0 1
    outer loop
      vertex 49.8 23.8 2
      vertex 45.4 15.7 2
      vertex 45.7902 15.6616 2
    endloop
  endfacet
  facet normal 0 0 1
    outer loop
      vertex 49.8 23.8 2
      vertex 45.0098 15.6616 2
      vertex 45.4 15.7 2
    endloop
  endfacet
  facet normal 0 0 1
    outer loop
      vertex 49.8 23.8 2
      vertex 44.6346 15.5478 2
      vertex 45.0098 15.6616 2
    endloop
  endfacet
  facet normal 0 0 1
    outer loop
      vertex 49.8 23.8 2
      vertex 44.2889 15.3629 2
      vertex 44.6346 15.5478 2
    endloop
  endfacet
  facet normal -0 0 1
    outer loop
      vertex 26.52 22 2
      vertex 44.2889 15.3629 2
      vertex 49.8 23.8 2
    endloop
  endfacet
  facet normal 0 -0 1
    outer loop
      vertex 30.5111 15.3629 2
      vertex 44.2889 15.3629 2
      vertex 26.52 22 2
    endloop
  endfacet
  facet normal 0 0 1
    outer loop
      vertex 43.4384 14.0902 2
      vertex 31.4 13.7 2
      vertex 43.4 13.7 2
    endloop
  endfacet
  facet normal 0 0 1
    outer loop
      vertex 31.3616 14.0902 2
      vertex 43.4384 14.0902 2
      vertex 43.5522 14.4654 2
    endloop
  endfacet
  facet normal 0 0 1
    outer loop
      vertex 31.2478 14.4654 2
      vertex 43.5522 14.4654 2
      vertex 43.7371 14.8111 2
    endloop
  endfacet
  facet normal 0 0 1
    outer loop
      vertex 44.2889 15.3629 2
      vertex 30.5111 15.3629 2
      vertex 43.9858 15.1142 2
    endloop
  endfacet
  facet normal 0 0 1
    outer loop
      vertex 43.4384 14.0902 2
      vertex 31.3616 14.0902 2
      vertex 31.4 13.7 2
    endloop
  endfacet
  facet normal 0 0 1
    outer loop
      vertex 43.5522 14.4654 2
      vertex 31.2478 14.4654 2
      vertex 31.3616 14.0902 2
    endloop
  endfacet
  facet normal 0 0 1
    outer loop
      vertex 43.7371 14.8111 2
      vertex 31.0629 14.8111 2
      vertex 31.2478 14.4654 2
    endloop
  endfacet
  facet normal 0 0 1
    outer loop
      vertex 43.7371 14.8111 2
      vertex 30.8142 15.1142 2
      vertex 31.0629 14.8111 2
    endloop
  endfacet
  facet normal 0 0 1
    outer loop
      vertex 43.9858 15.1142 2
      vertex 30.8142 15.1142 2
      vertex 43.7371 14.8111 2
    endloop
  endfacet
  facet normal 0 -0 1
    outer loop
      vertex 30.8142 15.1142 2
      vertex 43.9858 15.1142 2
      vertex 30.5111 15.3629 2
    endloop
  endfacet
  facet normal 0 0 1
    outer loop
      vertex 30.5111 15.3629 2
      vertex 26.52 22 2
      vertex 30.1654 15.5478 2
    endloop
  endfacet
  facet normal 0 0 1
    outer loop
      vertex 30.1654 15.5478 2
      vertex 26.52 22 2
      vertex 29.7902 15.6616 2
    endloop
  endfacet
  facet normal 0 0 1
    outer loop
      vertex 29.7902 15.6616 2
      vertex 26.52 22 2
      vertex 29.4 15.7 2
    endloop
  endfacet
  facet normal 0 0 1
    outer loop
      vertex 29.4 15.7 2
      vertex 26.52 22 2
      vertex 29.0098 15.6616 2
    endloop
  endfacet
  facet normal 0 0 1
    outer loop
      vertex 27.4384 14.0902 2
      vertex 26.52 22 2
      vertex 27.4 13.7 2
    endloop
  endfacet
  facet normal 0 0 1
    outer loop
      vertex 27.5522 14.4654 2
      vertex 26.52 22 2
      vertex 27.4384 14.0902 2
    endloop
  endfacet
  facet normal 0 0 1
    outer loop
      vertex 27.7371 14.8111 2
      vertex 26.52 22 2
      vertex 27.5522 14.4654 2
    endloop
  endfacet
  facet normal 0 0 1
    outer loop
      vertex 27.9858 15.1142 2
      vertex 26.52 22 2
      vertex 27.7371 14.8111 2
    endloop
  endfacet
  facet normal 0 0 1
    outer loop
      vertex 28.2889 15.3629 2
      vertex 26.52 22 2
      vertex 27.9858 15.1142 2
    endloop
  endfacet
  facet normal 0 0 1
    outer loop
      vertex 28.6346 15.5478 2
      vertex 26.52 22 2
      vertex 28.2889 15.3629 2
    endloop
  endfacet
  facet normal 0 0 1
    outer loop
      vertex 29.0098 15.6616 2
      vertex 26.52 22 2
      vertex 28.6346 15.5478 2
    endloop
  endfacet
  facet normal -0 0 1
    outer loop
      vertex 3.3 23.8 2
      vertex 26.52 22 2
      vertex 49.8 23.8 2
    endloop
  endfacet
  facet normal 0 0 1
    outer loop
      vertex 3.3 23.8 2
      vertex 2 22 2
      vertex 26.52 22 2
    endloop
  endfacet
  facet normal 0 0 1
    outer loop
      vertex 2 22 2
      vertex 3.3 23.8 2
      vertex 2 56 2
    endloop
  endfacet
  facet normal -0 0 1
    outer loop
      vertex 47.3616 13.3098 2
      vertex 49.8 2 2
      vertex 47.4 13.7 2
    endloop
  endfacet
  facet normal -0 0 1
    outer loop
      vertex 47.2478 12.9346 2
      vertex 49.8 2 2
      vertex 47.3616 13.3098 2
    endloop
  endfacet
  facet normal -0 0 1
    outer loop
      vertex 47.0629 12.5889 2
      vertex 49.8 2 2
      vertex 47.2478 12.9346 2
    endloop
  endfacet
  facet normal -0 0 1
    outer loop
      vertex 46.8142 12.2858 2
      vertex 49.8 2 2
      vertex 47.0629 12.5889 2
    endloop
  endfacet
  facet normal -0 0 1
    outer loop
      vertex 46.5111 12.0371 2
      vertex 49.8 2 2
      vertex 46.8142 12.2858 2
    endloop
  endfacet
  facet normal -0 0 1
    outer loop
      vertex 46.1654 11.8522 2
      vertex 49.8 2 2
      vertex 46.5111 12.0371 2
    endloop
  endfacet
  facet normal -0 0 1
    outer loop
      vertex 45.7902 11.7384 2
      vertex 49.8 2 2
      vertex 46.1654 11.8522 2
    endloop
  endfacet
  facet normal -0 0 1
    outer loop
      vertex 45.4 11.7 2
      vertex 49.8 2 2
      vertex 45.7902 11.7384 2
    endloop
  endfacet
  facet normal 0 0 1
    outer loop
      vertex 45.0098 11.7384 2
      vertex 49.8 2 2
      vertex 45.4 11.7 2
    endloop
  endfacet
  facet normal 0 0 1
    outer loop
      vertex 44.6346 11.8522 2
      vertex 49.8 2 2
      vertex 45.0098 11.7384 2
    endloop
  endfacet
  facet normal 0 0 1
    outer loop
      vertex 44.2889 12.0371 2
      vertex 49.8 2 2
      vertex 44.6346 11.8522 2
    endloop
  endfacet
  facet normal 0 0 1
    outer loop
      vertex 30.5111 12.0371 2
      vertex 44.2889 12.0371 2
      vertex 43.9858 12.2858 2
    endloop
  endfacet
  facet normal 0 0 1
    outer loop
      vertex 30.8142 12.2858 2
      vertex 43.9858 12.2858 2
      vertex 43.7371 12.5889 2
    endloop
  endfacet
  facet normal -0 0 1
    outer loop
      vertex 31.4 13.7 2
      vertex 43.4384 13.3098 2
      vertex 43.4 13.7 2
    endloop
  endfacet
  facet normal 0 0 1
    outer loop
      vertex 31.3616 13.3098 2
      vertex 43.4384 13.3098 2
      vertex 31.4 13.7 2
    endloop
  endfacet
  facet normal 0 0 1
    outer loop
      vertex 43.4384 13.3098 2
      vertex 31.3616 13.3098 2
      vertex 43.5522 12.9346 2
    endloop
  endfacet
  facet normal 0 0 1
    outer loop
      vertex 31.2478 12.9346 2
      vertex 43.5522 12.9346 2
      vertex 31.3616 13.3098 2
    endloop
  endfacet
  facet normal 0 0 1
    outer loop
      vertex 43.5522 12.9346 2
      vertex 31.2478 12.9346 2
      vertex 43.7371 12.5889 2
    endloop
  endfacet
  facet normal 0 0 1
    outer loop
      vertex 31.0629 12.5889 2
      vertex 43.7371 12.5889 2
      vertex 31.2478 12.9346 2
    endloop
  endfacet
  facet normal 0 0 1
    outer loop
      vertex 30.8142 12.2858 2
      vertex 43.7371 12.5889 2
      vertex 31.0629 12.5889 2
    endloop
  endfacet
  facet normal 0 0 1
    outer loop
      vertex 43.9858 12.2858 2
      vertex 30.8142 12.2858 2
      vertex 30.5111 12.0371 2
    endloop
  endfacet
  facet normal 0 0 1
    outer loop
      vertex 44.2889 12.0371 2
      vertex 30.5111 12.0371 2
      vertex 26.52 2 2
    endloop
  endfacet
  facet normal 0 0 1
    outer loop
      vertex 26.52 2 2
      vertex 30.5111 12.0371 2
      vertex 30.1654 11.8522 2
    endloop
  endfacet
  facet normal 0 0 1
    outer loop
      vertex 26.52 2 2
      vertex 30.1654 11.8522 2
      vertex 29.7902 11.7384 2
    endloop
  endfacet
  facet normal 0 0 1
    outer loop
      vertex 26.52 2 2
      vertex 29.7902 11.7384 2
      vertex 29.4 11.7 2
    endloop
  endfacet
  facet normal 0 0 1
    outer loop
      vertex 26.52 2 2
      vertex 29.4 11.7 2
      vertex 29.0098 11.7384 2
    endloop
  endfacet
  facet normal 0 0 1
    outer loop
      vertex 26.52 2 2
      vertex 29.0098 11.7384 2
      vertex 28.6346 11.8522 2
    endloop
  endfacet
  facet normal 0 0 1
    outer loop
      vertex 26.52 2 2
      vertex 27.4 13.7 2
      vertex 26.52 22 2
    endloop
  endfacet
  facet normal 0 0 1
    outer loop
      vertex 44.2889 12.0371 2
      vertex 26.52 2 2
      vertex 49.8 2 2
    endloop
  endfacet
  facet normal 0 0 1
    outer loop
      vertex 28.2889 12.0371 2
      vertex 26.52 2 2
      vertex 28.6346 11.8522 2
    endloop
  endfacet
  facet normal 0 0 1
    outer loop
      vertex 27.9858 12.2858 2
      vertex 26.52 2 2
      vertex 28.2889 12.0371 2
    endloop
  endfacet
  facet normal 0 0 1
    outer loop
      vertex 27.7371 12.5889 2
      vertex 26.52 2 2
      vertex 27.9858 12.2858 2
    endloop
  endfacet
  facet normal 0 0 1
    outer loop
      vertex 27.5522 12.9346 2
      vertex 26.52 2 2
      vertex 27.7371 12.5889 2
    endloop
  endfacet
  facet normal 0 0 1
    outer loop
      vertex 27.4384 13.3098 2
      vertex 26.52 2 2
      vertex 27.5522 12.9346 2
    endloop
  endfacet
  facet normal 0 0 1
    outer loop
      vertex 27.4 13.7 2
      vertex 26.52 2 2
      vertex 27.4384 13.3098 2
    endloop
  endfacet
  facet normal -0 0 1
    outer loop
      vertex 2 20.8 2
      vertex 25.32 2 2
      vertex 25.32 20.8 2
    endloop
  endfacet
  facet normal 0 0 1
    outer loop
      vertex 25.32 2 2
      vertex 2 20.8 2
      vertex 2 2 2
    endloop
  endfacet
  facet normal -0 0 1
    outer loop
      vertex 51 23.8 2
      vertex 72.8 2 2
      vertex 72.8 23.8 2
    endloop
  endfacet
  facet normal 0 0 1
    outer loop
      vertex 72.8 2 2
      vertex 51 23.8 2
      vertex 51 2 2
    endloop
  endfacet
  facet normal -0 0 1
    outer loop
      vertex 71.5 56 2
      vertex 72.8 25 2
      vertex 72.8 56 2
    endloop
  endfacet
  facet normal 0 0 1
    outer loop
      vertex 72.8 25 2
      vertex 71.5 56 2
      vertex 71.5 25 2
    endloop
  endfacet
  facet normal 0 0 1
    outer loop
      vertex 70.3 56 2
      vertex 61.45 52.11 2
      vertex 70.3 25 2
    endloop
  endfacet
  facet normal -0 0 1
    outer loop
      vertex 4.5 56 2
      vertex 61.45 52.11 2
      vertex 70.3 56 2
    endloop
  endfacet
  facet normal 0 0 1
    outer loop
      vertex 4.5 25 2
      vertex 12.9 52.11 2
      vertex 4.5 56 2
    endloop
  endfacet
  facet normal 0 0 1
    outer loop
      vertex 61.45 52.11 2
      vertex 4.5 56 2
      vertex 12.9 52.11 2
    endloop
  endfacet
  facet normal -0 0 1
    outer loop
      vertex 61.45 28.4 2
      vertex 70.3 25 2
      vertex 61.45 52.11 2
    endloop
  endfacet
  facet normal 0 0 1
    outer loop
      vertex 4.5 25 2
      vertex 61.45 28.4 2
      vertex 12.9 28.4 2
    endloop
  endfacet
  facet normal 0 0 1
    outer loop
      vertex 61.45 28.4 2
      vertex 4.5 25 2
      vertex 70.3 25 2
    endloop
  endfacet
  facet normal 0 0 1
    outer loop
      vertex 12.9 52.11 2
      vertex 4.5 25 2
      vertex 12.9 28.4 2
    endloop
  endfacet
  facet normal 0 -0.881846 0.471537
    outer loop
      vertex 74.3 5.49888 30.6667
      vertex 74.8 5.55433 30.7704
      vertex 74.3 5.55433 30.7704
    endloop
  endfacet
  facet normal 0 -0.881846 0.471537
    outer loop
      vertex 74.8 5.55433 30.7704
      vertex 74.3 5.49888 30.6667
      vertex 74.8 5.49888 30.6667
    endloop
  endfacet
  facet normal 0 -0.0977778 -0.995208
    outer loop
      vertex 74.3 5 31.6
      vertex 74.8 5.11705 31.5885
      vertex 74.8 5 31.6
    endloop
  endfacet
  facet normal -0 -0.0977778 -0.995208
    outer loop
      vertex 74.8 5.11705 31.5885
      vertex 74.3 5 31.6
      vertex 74.3 5.11705 31.5885
    endloop
  endfacet
  facet normal -0 0.0977778 0.995208
    outer loop
      vertex 74.3 5 30.4
      vertex 74.8 4.88295 30.4115
      vertex 74.8 5 30.4
    endloop
  endfacet
  facet normal 0 0.0977778 0.995208
    outer loop
      vertex 74.8 4.88295 30.4115
      vertex 74.3 5 30.4
      vertex 74.3 4.88295 30.4115
    endloop
  endfacet
  facet normal 0 0.995187 -0.097989
    outer loop
      vertex 74.8 4.4 31
      vertex 74.3 4.41153 31.1171
      vertex 74.8 4.41153 31.1171
    endloop
  endfacet
  facet normal 0 0.995187 -0.097989
    outer loop
      vertex 74.3 4.41153 31.1171
      vertex 74.8 4.4 31
      vertex 74.3 4.4 31
    endloop
  endfacet
  facet normal 0 -0.881846 -0.471537
    outer loop
      vertex 74.3 5.55433 31.2296
      vertex 74.8 5.49888 31.3333
      vertex 74.3 5.49888 31.3333
    endloop
  endfacet
  facet normal 0 -0.881846 -0.471537
    outer loop
      vertex 74.8 5.49888 31.3333
      vertex 74.3 5.55433 31.2296
      vertex 74.8 5.55433 31.2296
    endloop
  endfacet
  facet normal 0 -0.290715 -0.95681
    outer loop
      vertex 74.3 5.11705 31.5885
      vertex 74.8 5.22961 31.5543
      vertex 74.8 5.11705 31.5885
    endloop
  endfacet
  facet normal -0 -0.290715 -0.95681
    outer loop
      vertex 74.8 5.22961 31.5543
      vertex 74.3 5.11705 31.5885
      vertex 74.3 5.22961 31.5543
    endloop
  endfacet
  facet normal 0 0.634311 -0.773078
    outer loop
      vertex 74.3 4.57574 31.4243
      vertex 74.8 4.66666 31.4989
      vertex 74.8 4.57574 31.4243
    endloop
  endfacet
  facet normal 0 0.634311 -0.773078
    outer loop
      vertex 74.8 4.66666 31.4989
      vertex 74.3 4.57574 31.4243
      vertex 74.3 4.66666 31.4989
    endloop
  endfacet
  facet normal 0 -0.4711 0.88208
    outer loop
      vertex 74.3 5.33334 30.5011
      vertex 74.8 5.22961 30.4457
      vertex 74.8 5.33334 30.5011
    endloop
  endfacet
  facet normal 0 -0.4711 0.88208
    outer loop
      vertex 74.8 5.22961 30.4457
      vertex 74.3 5.33334 30.5011
      vertex 74.3 5.22961 30.4457
    endloop
  endfacet
  facet normal 0 -0.290715 0.95681
    outer loop
      vertex 74.3 5.22961 30.4457
      vertex 74.8 5.11705 30.4115
      vertex 74.8 5.22961 30.4457
    endloop
  endfacet
  facet normal 0 -0.290715 0.95681
    outer loop
      vertex 74.8 5.11705 30.4115
      vertex 74.3 5.22961 30.4457
      vertex 74.3 5.11705 30.4115
    endloop
  endfacet
  facet normal 0 -0.634311 0.773078
    outer loop
      vertex 74.3 5.42426 30.5757
      vertex 74.8 5.33334 30.5011
      vertex 74.8 5.42426 30.5757
    endloop
  endfacet
  facet normal 0 -0.634311 0.773078
    outer loop
      vertex 74.8 5.33334 30.5011
      vertex 74.3 5.42426 30.5757
      vertex 74.3 5.33334 30.5011
    endloop
  endfacet
  facet normal 0 -0.995187 -0.097989
    outer loop
      vertex 74.3 5.6 31
      vertex 74.8 5.58847 31.1171
      vertex 74.3 5.58847 31.1171
    endloop
  endfacet
  facet normal 0 -0.995187 -0.097989
    outer loop
      vertex 74.8 5.58847 31.1171
      vertex 74.3 5.6 31
      vertex 74.8 5.6 31
    endloop
  endfacet
  facet normal 0 -0.995187 0.097989
    outer loop
      vertex 74.3 5.58847 30.8829
      vertex 74.8 5.6 31
      vertex 74.3 5.6 31
    endloop
  endfacet
  facet normal 0 -0.995187 0.097989
    outer loop
      vertex 74.8 5.6 31
      vertex 74.3 5.58847 30.8829
      vertex 74.8 5.58847 30.8829
    endloop
  endfacet
  facet normal 0 0.0977778 -0.995208
    outer loop
      vertex 74.3 4.88295 31.5885
      vertex 74.8 5 31.6
      vertex 74.8 4.88295 31.5885
    endloop
  endfacet
  facet normal 0 0.0977778 -0.995208
    outer loop
      vertex 74.8 5 31.6
      vertex 74.3 4.88295 31.5885
      vertex 74.3 5 31.6
    endloop
  endfacet
  facet normal 0 -0.4711 -0.88208
    outer loop
      vertex 74.3 5.22961 31.5543
      vertex 74.8 5.33334 31.4989
      vertex 74.8 5.22961 31.5543
    endloop
  endfacet
  facet normal -0 -0.4711 -0.88208
    outer loop
      vertex 74.8 5.33334 31.4989
      vertex 74.3 5.22961 31.5543
      vertex 74.3 5.33334 31.4989
    endloop
  endfacet
  facet normal 0 -0.773268 -0.63408
    outer loop
      vertex 74.3 5.49888 31.3333
      vertex 74.8 5.42426 31.4243
      vertex 74.3 5.42426 31.4243
    endloop
  endfacet
  facet normal 0 -0.773268 -0.63408
    outer loop
      vertex 74.8 5.42426 31.4243
      vertex 74.3 5.49888 31.3333
      vertex 74.8 5.49888 31.3333
    endloop
  endfacet
  facet normal 0 -0.956908 -0.29039
    outer loop
      vertex 74.3 5.58847 31.1171
      vertex 74.8 5.55433 31.2296
      vertex 74.3 5.55433 31.2296
    endloop
  endfacet
  facet normal 0 -0.956908 -0.29039
    outer loop
      vertex 74.8 5.55433 31.2296
      vertex 74.3 5.58847 31.1171
      vertex 74.8 5.58847 31.1171
    endloop
  endfacet
  facet normal 0 -0.634311 -0.773078
    outer loop
      vertex 74.3 5.33334 31.4989
      vertex 74.8 5.42426 31.4243
      vertex 74.8 5.33334 31.4989
    endloop
  endfacet
  facet normal -0 -0.634311 -0.773078
    outer loop
      vertex 74.8 5.42426 31.4243
      vertex 74.3 5.33334 31.4989
      vertex 74.3 5.42426 31.4243
    endloop
  endfacet
  facet normal 0 -0.0977778 0.995208
    outer loop
      vertex 74.3 5.11705 30.4115
      vertex 74.8 5 30.4
      vertex 74.8 5.11705 30.4115
    endloop
  endfacet
  facet normal 0 -0.0977778 0.995208
    outer loop
      vertex 74.8 5 30.4
      vertex 74.3 5.11705 30.4115
      vertex 74.3 5 30.4
    endloop
  endfacet
  facet normal 0 0.956908 0.29039
    outer loop
      vertex 74.8 4.44567 30.7704
      vertex 74.3 4.41153 30.8829
      vertex 74.8 4.41153 30.8829
    endloop
  endfacet
  facet normal 0 0.956908 0.29039
    outer loop
      vertex 74.3 4.41153 30.8829
      vertex 74.8 4.44567 30.7704
      vertex 74.3 4.44567 30.7704
    endloop
  endfacet
  facet normal 0 0.881846 0.471537
    outer loop
      vertex 74.8 4.50112 30.6667
      vertex 74.3 4.44567 30.7704
      vertex 74.8 4.44567 30.7704
    endloop
  endfacet
  facet normal 0 0.881846 0.471537
    outer loop
      vertex 74.3 4.44567 30.7704
      vertex 74.8 4.50112 30.6667
      vertex 74.3 4.50112 30.6667
    endloop
  endfacet
  facet normal 0 0.773268 0.63408
    outer loop
      vertex 74.8 4.57574 30.5757
      vertex 74.3 4.50112 30.6667
      vertex 74.8 4.50112 30.6667
    endloop
  endfacet
  facet normal 0 0.773268 0.63408
    outer loop
      vertex 74.3 4.50112 30.6667
      vertex 74.8 4.57574 30.5757
      vertex 74.3 4.57574 30.5757
    endloop
  endfacet
  facet normal -0 0.4711 0.88208
    outer loop
      vertex 74.3 4.77039 30.4457
      vertex 74.8 4.66666 30.5011
      vertex 74.8 4.77039 30.4457
    endloop
  endfacet
  facet normal 0 0.4711 0.88208
    outer loop
      vertex 74.8 4.66666 30.5011
      vertex 74.3 4.77039 30.4457
      vertex 74.3 4.66666 30.5011
    endloop
  endfacet
  facet normal 0 0.881846 -0.471537
    outer loop
      vertex 74.8 4.44567 31.2296
      vertex 74.3 4.50112 31.3333
      vertex 74.8 4.50112 31.3333
    endloop
  endfacet
  facet normal 0 0.881846 -0.471537
    outer loop
      vertex 74.3 4.50112 31.3333
      vertex 74.8 4.44567 31.2296
      vertex 74.3 4.44567 31.2296
    endloop
  endfacet
  facet normal 0 0.956908 -0.29039
    outer loop
      vertex 74.8 4.41153 31.1171
      vertex 74.3 4.44567 31.2296
      vertex 74.8 4.44567 31.2296
    endloop
  endfacet
  facet normal 0 0.956908 -0.29039
    outer loop
      vertex 74.3 4.44567 31.2296
      vertex 74.8 4.41153 31.1171
      vertex 74.3 4.41153 31.1171
    endloop
  endfacet
  facet normal 0 0.290715 -0.95681
    outer loop
      vertex 74.3 4.77039 31.5543
      vertex 74.8 4.88295 31.5885
      vertex 74.8 4.77039 31.5543
    endloop
  endfacet
  facet normal 0 0.290715 -0.95681
    outer loop
      vertex 74.8 4.88295 31.5885
      vertex 74.3 4.77039 31.5543
      vertex 74.3 4.88295 31.5885
    endloop
  endfacet
  facet normal 0 0.4711 -0.88208
    outer loop
      vertex 74.3 4.66666 31.4989
      vertex 74.8 4.77039 31.5543
      vertex 74.8 4.66666 31.4989
    endloop
  endfacet
  facet normal 0 0.4711 -0.88208
    outer loop
      vertex 74.8 4.77039 31.5543
      vertex 74.3 4.66666 31.4989
      vertex 74.3 4.77039 31.5543
    endloop
  endfacet
  facet normal 0 0.773268 -0.63408
    outer loop
      vertex 74.8 4.50112 31.3333
      vertex 74.3 4.57574 31.4243
      vertex 74.8 4.57574 31.4243
    endloop
  endfacet
  facet normal 0 0.773268 -0.63408
    outer loop
      vertex 74.3 4.57574 31.4243
      vertex 74.8 4.50112 31.3333
      vertex 74.3 4.50112 31.3333
    endloop
  endfacet
  facet normal 0 -0.773268 0.63408
    outer loop
      vertex 74.3 5.42426 30.5757
      vertex 74.8 5.49888 30.6667
      vertex 74.3 5.49888 30.6667
    endloop
  endfacet
  facet normal 0 -0.773268 0.63408
    outer loop
      vertex 74.8 5.49888 30.6667
      vertex 74.3 5.42426 30.5757
      vertex 74.8 5.42426 30.5757
    endloop
  endfacet
  facet normal 0 -0.956908 0.29039
    outer loop
      vertex 74.3 5.55433 30.7704
      vertex 74.8 5.58847 30.8829
      vertex 74.3 5.58847 30.8829
    endloop
  endfacet
  facet normal 0 -0.956908 0.29039
    outer loop
      vertex 74.8 5.58847 30.8829
      vertex 74.3 5.55433 30.7704
      vertex 74.8 5.55433 30.7704
    endloop
  endfacet
  facet normal -0 0.634311 0.773078
    outer loop
      vertex 74.3 4.66666 30.5011
      vertex 74.8 4.57574 30.5757
      vertex 74.8 4.66666 30.5011
    endloop
  endfacet
  facet normal 0 0.634311 0.773078
    outer loop
      vertex 74.8 4.57574 30.5757
      vertex 74.3 4.66666 30.5011
      vertex 74.3 4.57574 30.5757
    endloop
  endfacet
  facet normal -0 0.290715 0.95681
    outer loop
      vertex 74.3 4.88295 30.4115
      vertex 74.8 4.77039 30.4457
      vertex 74.8 4.88295 30.4115
    endloop
  endfacet
  facet normal 0 0.290715 0.95681
    outer loop
      vertex 74.8 4.77039 30.4457
      vertex 74.3 4.88295 30.4115
      vertex 74.3 4.77039 30.4457
    endloop
  endfacet
  facet normal 0 0.995187 0.097989
    outer loop
      vertex 74.8 4.41153 30.8829
      vertex 74.3 4.4 31
      vertex 74.8 4.4 31
    endloop
  endfacet
  facet normal 0 0.995187 0.097989
    outer loop
      vertex 74.3 4.4 31
      vertex 74.8 4.41153 30.8829
      vertex 74.3 4.41153 30.8829
    endloop
  endfacet
  facet normal -1 0 0
    outer loop
      vertex 3.3 23.8 2
      vertex 3.3 56 5
      vertex 3.3 56 2
    endloop
  endfacet
  facet normal -1 -0 0
    outer loop
      vertex 3.3 56 5
      vertex 3.3 23.8 2
      vertex 3.3 23.8 5
    endloop
  endfacet
  facet normal 0 0 1
    outer loop
      vertex 4.5 56 5
      vertex 3.3 56 5
      vertex 4.5 25 5
    endloop
  endfacet
  facet normal 0 0 1
    outer loop
      vertex 71.5 56 5
      vertex 70.3 56 5
      vertex 71.5 25 5
    endloop
  endfacet
  facet normal -0 0 1
    outer loop
      vertex 71.5 25 5
      vertex 72.8 23.8 5
      vertex 72.8 25 5
    endloop
  endfacet
  facet normal 0 0 1
    outer loop
      vertex 70.3 25 5
      vertex 71.5 25 5
      vertex 70.3 56 5
    endloop
  endfacet
  facet normal -0 0 1
    outer loop
      vertex 70.3 25 5
      vertex 72.8 23.8 5
      vertex 71.5 25 5
    endloop
  endfacet
  facet normal 0 0 1
    outer loop
      vertex 70.3 25 5
      vertex 51 23.8 5
      vertex 72.8 23.8 5
    endloop
  endfacet
  facet normal 0 0 1
    outer loop
      vertex 51 23.8 5
      vertex 49.8 23.8 5
      vertex 51 2 5
    endloop
  endfacet
  facet normal 0 0 1
    outer loop
      vertex 70.3 25 5
      vertex 49.8 23.8 5
      vertex 51 23.8 5
    endloop
  endfacet
  facet normal -0 0 1
    outer loop
      vertex 4.5 25 5
      vertex 49.8 23.8 5
      vertex 70.3 25 5
    endloop
  endfacet
  facet normal 0 0 1
    outer loop
      vertex 4.5 25 5
      vertex 3.3 23.8 5
      vertex 49.8 23.8 5
    endloop
  endfacet
  facet normal 0 0 1
    outer loop
      vertex 3.3 23.8 5
      vertex 4.5 25 5
      vertex 3.3 56 5
    endloop
  endfacet
  facet normal 0 0 1
    outer loop
      vertex 51 2 5
      vertex 49.8 23.8 5
      vertex 49.8 2 5
    endloop
  endfacet
  facet normal 1 -0 0
    outer loop
      vertex 71.5 25 5
      vertex 71.5 56 2
      vertex 71.5 56 5
    endloop
  endfacet
  facet normal 1 0 0
    outer loop
      vertex 71.5 56 2
      vertex 71.5 25 5
      vertex 71.5 25 2
    endloop
  endfacet
  facet normal 0 -1 0
    outer loop
      vertex 3.3 23.8 2
      vertex 49.8 23.8 5
      vertex 3.3 23.8 5
    endloop
  endfacet
  facet normal 0 -1 -0
    outer loop
      vertex 49.8 23.8 5
      vertex 3.3 23.8 2
      vertex 49.8 23.8 2
    endloop
  endfacet
  facet normal 1 -0 0
    outer loop
      vertex 4.5 25 5
      vertex 4.5 56 2
      vertex 4.5 56 5
    endloop
  endfacet
  facet normal 1 0 0
    outer loop
      vertex 4.5 56 2
      vertex 4.5 25 5
      vertex 4.5 25 2
    endloop
  endfacet
  facet normal -1 0 0
    outer loop
      vertex 70.3 25 2
      vertex 70.3 56 5
      vertex 70.3 56 2
    endloop
  endfacet
  facet normal -1 -0 0
    outer loop
      vertex 70.3 56 5
      vertex 70.3 25 2
      vertex 70.3 25 5
    endloop
  endfacet
  facet normal 0 1 -0
    outer loop
      vertex 70.3 25 2
      vertex 4.5 25 5
      vertex 70.3 25 5
    endloop
  endfacet
  facet normal 0 1 0
    outer loop
      vertex 4.5 25 5
      vertex 70.3 25 2
      vertex 4.5 25 2
    endloop
  endfacet
  facet normal 0 0 1
    outer loop
      vertex 26.52 22 5
      vertex 25.32 20.8 5
      vertex 26.52 2 5
    endloop
  endfacet
  facet normal -0 0 1
    outer loop
      vertex 2 22 5
      vertex 25.32 20.8 5
      vertex 26.52 22 5
    endloop
  endfacet
  facet normal 0 0 1
    outer loop
      vertex 25.32 20.8 5
      vertex 2 22 5
      vertex 2 20.8 5
    endloop
  endfacet
  facet normal 0 0 1
    outer loop
      vertex 26.52 2 5
      vertex 25.32 20.8 5
      vertex 25.32 2 5
    endloop
  endfacet
  facet normal 1 -0 0
    outer loop
      vertex 26.52 2 5
      vertex 26.52 22 2
      vertex 26.52 22 5
    endloop
  endfacet
  facet normal 1 0 0
    outer loop
      vertex 26.52 22 2
      vertex 26.52 2 5
      vertex 26.52 2 2
    endloop
  endfacet
  facet normal 0 1 -0
    outer loop
      vertex 26.52 22 2
      vertex 2 22 5
      vertex 26.52 22 5
    endloop
  endfacet
  facet normal 0 1 0
    outer loop
      vertex 2 22 5
      vertex 26.52 22 2
      vertex 2 22 2
    endloop
  endfacet
  facet normal -1 0 0
    outer loop
      vertex 25.32 2 2
      vertex 25.32 20.8 5
      vertex 25.32 20.8 2
    endloop
  endfacet
  facet normal -1 -0 0
    outer loop
      vertex 25.32 20.8 5
      vertex 25.32 2 2
      vertex 25.32 2 5
    endloop
  endfacet
  facet normal 0 -1 0
    outer loop
      vertex 2 20.8 2
      vertex 25.32 20.8 5
      vertex 2 20.8 5
    endloop
  endfacet
  facet normal 0 -1 -0
    outer loop
      vertex 25.32 20.8 5
      vertex 2 20.8 2
      vertex 25.32 20.8 2
    endloop
  endfacet
  facet normal -1 0 0
    outer loop
      vertex 49.8 2 2
      vertex 49.8 23.8 5
      vertex 49.8 23.8 2
    endloop
  endfacet
  facet normal -1 -0 0
    outer loop
      vertex 49.8 23.8 5
      vertex 49.8 2 2
      vertex 49.8 2 5
    endloop
  endfacet
  facet normal 1 -0 0
    outer loop
      vertex 51 2 5
      vertex 51 23.8 2
      vertex 51 23.8 5
    endloop
  endfacet
  facet normal 1 0 0
    outer loop
      vertex 51 23.8 2
      vertex 51 2 5
      vertex 51 2 2
    endloop
  endfacet
  facet normal 0 -1 0
    outer loop
      vertex 51 23.8 2
      vertex 72.8 23.8 5
      vertex 51 23.8 5
    endloop
  endfacet
  facet normal 0 -1 -0
    outer loop
      vertex 72.8 23.8 5
      vertex 51 23.8 2
      vertex 72.8 23.8 2
    endloop
  endfacet
  facet normal 0 1 -0
    outer loop
      vertex 72.8 25 2
      vertex 71.5 25 5
      vertex 72.8 25 5
    endloop
  endfacet
  facet normal 0 1 0
    outer loop
      vertex 71.5 25 5
      vertex 72.8 25 2
      vertex 71.5 25 2
    endloop
  endfacet
  facet normal -0.995193 -0.097938 0
    outer loop
      vertex 31.4 13.7 0
      vertex 31.3616 14.0902 2
      vertex 31.3616 14.0902 0
    endloop
  endfacet
  facet normal -0.995193 -0.097938 0
    outer loop
      vertex 31.3616 14.0902 2
      vertex 31.4 13.7 0
      vertex 31.4 13.7 2
    endloop
  endfacet
  facet normal 0.995193 -0.097938 0
    outer loop
      vertex 27.4 13.7 2
      vertex 27.4384 14.0902 0
      vertex 27.4384 14.0902 2
    endloop
  endfacet
  facet normal 0.995193 -0.097938 0
    outer loop
      vertex 27.4384 14.0902 0
      vertex 27.4 13.7 2
      vertex 27.4 13.7 0
    endloop
  endfacet
  facet normal 0.097938 -0.995193 0
    outer loop
      vertex 29.0098 15.6616 0
      vertex 29.4 15.7 2
      vertex 29.0098 15.6616 2
    endloop
  endfacet
  facet normal 0.097938 -0.995193 0
    outer loop
      vertex 29.4 15.7 2
      vertex 29.0098 15.6616 0
      vertex 29.4 15.7 0
    endloop
  endfacet
  facet normal -0.634321 -0.77307 0
    outer loop
      vertex 30.5111 15.3629 0
      vertex 30.8142 15.1142 2
      vertex 30.5111 15.3629 2
    endloop
  endfacet
  facet normal -0.634321 -0.77307 -0
    outer loop
      vertex 30.8142 15.1142 2
      vertex 30.5111 15.3629 0
      vertex 30.8142 15.1142 0
    endloop
  endfacet
  facet normal 0.634321 -0.77307 0
    outer loop
      vertex 27.9858 15.1142 0
      vertex 28.2889 15.3629 2
      vertex 27.9858 15.1142 2
    endloop
  endfacet
  facet normal 0.634321 -0.77307 0
    outer loop
      vertex 28.2889 15.3629 2
      vertex 27.9858 15.1142 0
      vertex 28.2889 15.3629 0
    endloop
  endfacet
  facet normal 0.290248 -0.956951 0
    outer loop
      vertex 28.6346 15.5478 0
      vertex 29.0098 15.6616 2
      vertex 28.6346 15.5478 2
    endloop
  endfacet
  facet normal 0.290248 -0.956951 0
    outer loop
      vertex 29.0098 15.6616 2
      vertex 28.6346 15.5478 0
      vertex 29.0098 15.6616 0
    endloop
  endfacet
  facet normal -0.881795 0.471634 0
    outer loop
      vertex 31.0629 12.5889 0
      vertex 31.2478 12.9346 2
      vertex 31.2478 12.9346 0
    endloop
  endfacet
  facet normal -0.881795 0.471634 0
    outer loop
      vertex 31.2478 12.9346 2
      vertex 31.0629 12.5889 0
      vertex 31.0629 12.5889 2
    endloop
  endfacet
  facet normal -0.881795 -0.471634 0
    outer loop
      vertex 31.2478 14.4654 0
      vertex 31.0629 14.8111 2
      vertex 31.0629 14.8111 0
    endloop
  endfacet
  facet normal -0.881795 -0.471634 0
    outer loop
      vertex 31.0629 14.8111 2
      vertex 31.2478 14.4654 0
      vertex 31.2478 14.4654 2
    endloop
  endfacet
  facet normal -0.956951 -0.290248 0
    outer loop
      vertex 31.3616 14.0902 0
      vertex 31.2478 14.4654 2
      vertex 31.2478 14.4654 0
    endloop
  endfacet
  facet normal -0.956951 -0.290248 0
    outer loop
      vertex 31.2478 14.4654 2
      vertex 31.3616 14.0902 0
      vertex 31.3616 14.0902 2
    endloop
  endfacet
  facet normal -0.77307 -0.634321 0
    outer loop
      vertex 31.0629 14.8111 0
      vertex 30.8142 15.1142 2
      vertex 30.8142 15.1142 0
    endloop
  endfacet
  facet normal -0.77307 -0.634321 0
    outer loop
      vertex 30.8142 15.1142 2
      vertex 31.0629 14.8111 0
      vertex 31.0629 14.8111 2
    endloop
  endfacet
  facet normal -0.290248 -0.956951 0
    outer loop
      vertex 29.7902 15.6616 0
      vertex 30.1654 15.5478 2
      vertex 29.7902 15.6616 2
    endloop
  endfacet
  facet normal -0.290248 -0.956951 -0
    outer loop
      vertex 30.1654 15.5478 2
      vertex 29.7902 15.6616 0
      vertex 30.1654 15.5478 0
    endloop
  endfacet
  facet normal -0.097938 -0.995193 0
    outer loop
      vertex 29.4 15.7 0
      vertex 29.7902 15.6616 2
      vertex 29.4 15.7 2
    endloop
  endfacet
  facet normal -0.097938 -0.995193 -0
    outer loop
      vertex 29.7902 15.6616 2
      vertex 29.4 15.7 0
      vertex 29.7902 15.6616 0
    endloop
  endfacet
  facet normal -0.471634 -0.881795 0
    outer loop
      vertex 30.1654 15.5478 0
      vertex 30.5111 15.3629 2
      vertex 30.1654 15.5478 2
    endloop
  endfacet
  facet normal -0.471634 -0.881795 -0
    outer loop
      vertex 30.5111 15.3629 2
      vertex 30.1654 15.5478 0
      vertex 30.5111 15.3629 0
    endloop
  endfacet
  facet normal 0.881795 -0.471634 0
    outer loop
      vertex 27.5522 14.4654 2
      vertex 27.7371 14.8111 0
      vertex 27.7371 14.8111 2
    endloop
  endfacet
  facet normal 0.881795 -0.471634 0
    outer loop
      vertex 27.7371 14.8111 0
      vertex 27.5522 14.4654 2
      vertex 27.5522 14.4654 0
    endloop
  endfacet
  facet normal 0.77307 -0.634321 0
    outer loop
      vertex 27.7371 14.8111 2
      vertex 27.9858 15.1142 0
      vertex 27.9858 15.1142 2
    endloop
  endfacet
  facet normal 0.77307 -0.634321 0
    outer loop
      vertex 27.9858 15.1142 0
      vertex 27.7371 14.8111 2
      vertex 27.7371 14.8111 0
    endloop
  endfacet
  facet normal 0.956951 -0.290248 0
    outer loop
      vertex 27.4384 14.0902 2
      vertex 27.5522 14.4654 0
      vertex 27.5522 14.4654 2
    endloop
  endfacet
  facet normal 0.956951 -0.290248 0
    outer loop
      vertex 27.5522 14.4654 0
      vertex 27.4384 14.0902 2
      vertex 27.4384 14.0902 0
    endloop
  endfacet
  facet normal 0.471634 -0.881795 0
    outer loop
      vertex 28.2889 15.3629 0
      vertex 28.6346 15.5478 2
      vertex 28.2889 15.3629 2
    endloop
  endfacet
  facet normal 0.471634 -0.881795 0
    outer loop
      vertex 28.6346 15.5478 2
      vertex 28.2889 15.3629 0
      vertex 28.6346 15.5478 0
    endloop
  endfacet
  facet normal -0.995193 0.097938 0
    outer loop
      vertex 31.3616 13.3098 0
      vertex 31.4 13.7 2
      vertex 31.4 13.7 0
    endloop
  endfacet
  facet normal -0.995193 0.097938 0
    outer loop
      vertex 31.4 13.7 2
      vertex 31.3616 13.3098 0
      vertex 31.3616 13.3098 2
    endloop
  endfacet
  facet normal 0.097938 0.995193 -0
    outer loop
      vertex 29.4 11.7 0
      vertex 29.0098 11.7384 2
      vertex 29.4 11.7 2
    endloop
  endfacet
  facet normal 0.097938 0.995193 0
    outer loop
      vertex 29.0098 11.7384 2
      vertex 29.4 11.7 0
      vertex 29.0098 11.7384 0
    endloop
  endfacet
  facet normal -0.634321 0.77307 0
    outer loop
      vertex 30.8142 12.2858 0
      vertex 30.5111 12.0371 2
      vertex 30.8142 12.2858 2
    endloop
  endfacet
  facet normal -0.634321 0.77307 0
    outer loop
      vertex 30.5111 12.0371 2
      vertex 30.8142 12.2858 0
      vertex 30.5111 12.0371 0
    endloop
  endfacet
  facet normal -0.956951 0.290248 0
    outer loop
      vertex 31.2478 12.9346 0
      vertex 31.3616 13.3098 2
      vertex 31.3616 13.3098 0
    endloop
  endfacet
  facet normal -0.956951 0.290248 0
    outer loop
      vertex 31.3616 13.3098 2
      vertex 31.2478 12.9346 0
      vertex 31.2478 12.9346 2
    endloop
  endfacet
  facet normal 0.881795 0.471634 0
    outer loop
      vertex 27.7371 12.5889 2
      vertex 27.5522 12.9346 0
      vertex 27.5522 12.9346 2
    endloop
  endfacet
  facet normal 0.881795 0.471634 0
    outer loop
      vertex 27.5522 12.9346 0
      vertex 27.7371 12.5889 2
      vertex 27.7371 12.5889 0
    endloop
  endfacet
  facet normal 0.995193 0.097938 0
    outer loop
      vertex 27.4384 13.3098 2
      vertex 27.4 13.7 0
      vertex 27.4 13.7 2
    endloop
  endfacet
  facet normal 0.995193 0.097938 0
    outer loop
      vertex 27.4 13.7 0
      vertex 27.4384 13.3098 2
      vertex 27.4384 13.3098 0
    endloop
  endfacet
  facet normal 0.956951 0.290248 0
    outer loop
      vertex 27.5522 12.9346 2
      vertex 27.4384 13.3098 0
      vertex 27.4384 13.3098 2
    endloop
  endfacet
  facet normal 0.956951 0.290248 0
    outer loop
      vertex 27.4384 13.3098 0
      vertex 27.5522 12.9346 2
      vertex 27.5522 12.9346 0
    endloop
  endfacet
  facet normal -0.290248 0.956951 0
    outer loop
      vertex 30.1654 11.8522 0
      vertex 29.7902 11.7384 2
      vertex 30.1654 11.8522 2
    endloop
  endfacet
  facet normal -0.290248 0.956951 0
    outer loop
      vertex 29.7902 11.7384 2
      vertex 30.1654 11.8522 0
      vertex 29.7902 11.7384 0
    endloop
  endfacet
  facet normal -0.77307 0.634321 0
    outer loop
      vertex 30.8142 12.2858 0
      vertex 31.0629 12.5889 2
      vertex 31.0629 12.5889 0
    endloop
  endfacet
  facet normal -0.77307 0.634321 0
    outer loop
      vertex 31.0629 12.5889 2
      vertex 30.8142 12.2858 0
      vertex 30.8142 12.2858 2
    endloop
  endfacet
  facet normal -0.097938 0.995193 0
    outer loop
      vertex 29.7902 11.7384 0
      vertex 29.4 11.7 2
      vertex 29.7902 11.7384 2
    endloop
  endfacet
  facet normal -0.097938 0.995193 0
    outer loop
      vertex 29.4 11.7 2
      vertex 29.7902 11.7384 0
      vertex 29.4 11.7 0
    endloop
  endfacet
  facet normal 0.290248 0.956951 -0
    outer loop
      vertex 29.0098 11.7384 0
      vertex 28.6346 11.8522 2
      vertex 29.0098 11.7384 2
    endloop
  endfacet
  facet normal 0.290248 0.956951 0
    outer loop
      vertex 28.6346 11.8522 2
      vertex 29.0098 11.7384 0
      vertex 28.6346 11.8522 0
    endloop
  endfacet
  facet normal 0.77307 0.634321 0
    outer loop
      vertex 27.9858 12.2858 2
      vertex 27.7371 12.5889 0
      vertex 27.7371 12.5889 2
    endloop
  endfacet
  facet normal 0.77307 0.634321 0
    outer loop
      vertex 27.7371 12.5889 0
      vertex 27.9858 12.2858 2
      vertex 27.9858 12.2858 0
    endloop
  endfacet
  facet normal -0.471634 0.881795 0
    outer loop
      vertex 30.5111 12.0371 0
      vertex 30.1654 11.8522 2
      vertex 30.5111 12.0371 2
    endloop
  endfacet
  facet normal -0.471634 0.881795 0
    outer loop
      vertex 30.1654 11.8522 2
      vertex 30.5111 12.0371 0
      vertex 30.1654 11.8522 0
    endloop
  endfacet
  facet normal 0.634321 0.77307 -0
    outer loop
      vertex 28.2889 12.0371 0
      vertex 27.9858 12.2858 2
      vertex 28.2889 12.0371 2
    endloop
  endfacet
  facet normal 0.634321 0.77307 0
    outer loop
      vertex 27.9858 12.2858 2
      vertex 28.2889 12.0371 0
      vertex 27.9858 12.2858 0
    endloop
  endfacet
  facet normal 0.471634 0.881795 -0
    outer loop
      vertex 28.6346 11.8522 0
      vertex 28.2889 12.0371 2
      vertex 28.6346 11.8522 2
    endloop
  endfacet
  facet normal 0.471634 0.881795 0
    outer loop
      vertex 28.2889 12.0371 2
      vertex 28.6346 11.8522 0
      vertex 28.2889 12.0371 0
    endloop
  endfacet
  facet normal -0.995193 -0.097938 0
    outer loop
      vertex 47.4 13.7 0
      vertex 47.3616 14.0902 2
      vertex 47.3616 14.0902 0
    endloop
  endfacet
  facet normal -0.995193 -0.097938 0
    outer loop
      vertex 47.3616 14.0902 2
      vertex 47.4 13.7 0
      vertex 47.4 13.7 2
    endloop
  endfacet
  facet normal 0.995193 -0.097938 0
    outer loop
      vertex 43.4 13.7 2
      vertex 43.4384 14.0902 0
      vertex 43.4384 14.0902 2
    endloop
  endfacet
  facet normal 0.995193 -0.097938 0
    outer loop
      vertex 43.4384 14.0902 0
      vertex 43.4 13.7 2
      vertex 43.4 13.7 0
    endloop
  endfacet
  facet normal 0.097938 -0.995193 0
    outer loop
      vertex 45.0098 15.6616 0
      vertex 45.4 15.7 2
      vertex 45.0098 15.6616 2
    endloop
  endfacet
  facet normal 0.097938 -0.995193 0
    outer loop
      vertex 45.4 15.7 2
      vertex 45.0098 15.6616 0
      vertex 45.4 15.7 0
    endloop
  endfacet
  facet normal -0.634321 -0.77307 0
    outer loop
      vertex 46.5111 15.3629 0
      vertex 46.8142 15.1142 2
      vertex 46.5111 15.3629 2
    endloop
  endfacet
  facet normal -0.634321 -0.77307 -0
    outer loop
      vertex 46.8142 15.1142 2
      vertex 46.5111 15.3629 0
      vertex 46.8142 15.1142 0
    endloop
  endfacet
  facet normal 0.634321 -0.77307 0
    outer loop
      vertex 43.9858 15.1142 0
      vertex 44.2889 15.3629 2
      vertex 43.9858 15.1142 2
    endloop
  endfacet
  facet normal 0.634321 -0.77307 0
    outer loop
      vertex 44.2889 15.3629 2
      vertex 43.9858 15.1142 0
      vertex 44.2889 15.3629 0
    endloop
  endfacet
  facet normal 0.290248 -0.956951 0
    outer loop
      vertex 44.6346 15.5478 0
      vertex 45.0098 15.6616 2
      vertex 44.6346 15.5478 2
    endloop
  endfacet
  facet normal 0.290248 -0.956951 0
    outer loop
      vertex 45.0098 15.6616 2
      vertex 44.6346 15.5478 0
      vertex 45.0098 15.6616 0
    endloop
  endfacet
  facet normal -0.881795 0.471634 0
    outer loop
      vertex 47.0629 12.5889 0
      vertex 47.2478 12.9346 2
      vertex 47.2478 12.9346 0
    endloop
  endfacet
  facet normal -0.881795 0.471634 0
    outer loop
      vertex 47.2478 12.9346 2
      vertex 47.0629 12.5889 0
      vertex 47.0629 12.5889 2
    endloop
  endfacet
  facet normal -0.881795 -0.471634 0
    outer loop
      vertex 47.2478 14.4654 0
      vertex 47.0629 14.8111 2
      vertex 47.0629 14.8111 0
    endloop
  endfacet
  facet normal -0.881795 -0.471634 0
    outer loop
      vertex 47.0629 14.8111 2
      vertex 47.2478 14.4654 0
      vertex 47.2478 14.4654 2
    endloop
  endfacet
  facet normal -0.956951 -0.290248 0
    outer loop
      vertex 47.3616 14.0902 0
      vertex 47.2478 14.4654 2
      vertex 47.2478 14.4654 0
    endloop
  endfacet
  facet normal -0.956951 -0.290248 0
    outer loop
      vertex 47.2478 14.4654 2
      vertex 47.3616 14.0902 0
      vertex 47.3616 14.0902 2
    endloop
  endfacet
  facet normal -0.77307 -0.634321 0
    outer loop
      vertex 47.0629 14.8111 0
      vertex 46.8142 15.1142 2
      vertex 46.8142 15.1142 0
    endloop
  endfacet
  facet normal -0.77307 -0.634321 0
    outer loop
      vertex 46.8142 15.1142 2
      vertex 47.0629 14.8111 0
      vertex 47.0629 14.8111 2
    endloop
  endfacet
  facet normal -0.290248 -0.956951 0
    outer loop
      vertex 45.7902 15.6616 0
      vertex 46.1654 15.5478 2
      vertex 45.7902 15.6616 2
    endloop
  endfacet
  facet normal -0.290248 -0.956951 -0
    outer loop
      vertex 46.1654 15.5478 2
      vertex 45.7902 15.6616 0
      vertex 46.1654 15.5478 0
    endloop
  endfacet
  facet normal -0.097938 -0.995193 0
    outer loop
      vertex 45.4 15.7 0
      vertex 45.7902 15.6616 2
      vertex 45.4 15.7 2
    endloop
  endfacet
  facet normal -0.097938 -0.995193 -0
    outer loop
      vertex 45.7902 15.6616 2
      vertex 45.4 15.7 0
      vertex 45.7902 15.6616 0
    endloop
  endfacet
  facet normal -0.471634 -0.881795 0
    outer loop
      vertex 46.1654 15.5478 0
      vertex 46.5111 15.3629 2
      vertex 46.1654 15.5478 2
    endloop
  endfacet
  facet normal -0.471634 -0.881795 -0
    outer loop
      vertex 46.5111 15.3629 2
      vertex 46.1654 15.5478 0
      vertex 46.5111 15.3629 0
    endloop
  endfacet
  facet normal 0.881795 -0.471634 0
    outer loop
      vertex 43.5522 14.4654 2
      vertex 43.7371 14.8111 0
      vertex 43.7371 14.8111 2
    endloop
  endfacet
  facet normal 0.881795 -0.471634 0
    outer loop
      vertex 43.7371 14.8111 0
      vertex 43.5522 14.4654 2
      vertex 43.5522 14.4654 0
    endloop
  endfacet
  facet normal 0.77307 -0.634321 0
    outer loop
      vertex 43.7371 14.8111 2
      vertex 43.9858 15.1142 0
      vertex 43.9858 15.1142 2
    endloop
  endfacet
  facet normal 0.77307 -0.634321 0
    outer loop
      vertex 43.9858 15.1142 0
      vertex 43.7371 14.8111 2
      vertex 43.7371 14.8111 0
    endloop
  endfacet
  facet normal 0.956951 -0.290248 0
    outer loop
      vertex 43.4384 14.0902 2
      vertex 43.5522 14.4654 0
      vertex 43.5522 14.4654 2
    endloop
  endfacet
  facet normal 0.956951 -0.290248 0
    outer loop
      vertex 43.5522 14.4654 0
      vertex 43.4384 14.0902 2
      vertex 43.4384 14.0902 0
    endloop
  endfacet
  facet normal 0.471634 -0.881795 0
    outer loop
      vertex 44.2889 15.3629 0
      vertex 44.6346 15.5478 2
      vertex 44.2889 15.3629 2
    endloop
  endfacet
  facet normal 0.471634 -0.881795 0
    outer loop
      vertex 44.6346 15.5478 2
      vertex 44.2889 15.3629 0
      vertex 44.6346 15.5478 0
    endloop
  endfacet
  facet normal -0.995193 0.097938 0
    outer loop
      vertex 47.3616 13.3098 0
      vertex 47.4 13.7 2
      vertex 47.4 13.7 0
    endloop
  endfacet
  facet normal -0.995193 0.097938 0
    outer loop
      vertex 47.4 13.7 2
      vertex 47.3616 13.3098 0
      vertex 47.3616 13.3098 2
    endloop
  endfacet
  facet normal 0.097938 0.995193 -0
    outer loop
      vertex 45.4 11.7 0
      vertex 45.0098 11.7384 2
      vertex 45.4 11.7 2
    endloop
  endfacet
  facet normal 0.097938 0.995193 0
    outer loop
      vertex 45.0098 11.7384 2
      vertex 45.4 11.7 0
      vertex 45.0098 11.7384 0
    endloop
  endfacet
  facet normal -0.634321 0.77307 0
    outer loop
      vertex 46.8142 12.2858 0
      vertex 46.5111 12.0371 2
      vertex 46.8142 12.2858 2
    endloop
  endfacet
  facet normal -0.634321 0.77307 0
    outer loop
      vertex 46.5111 12.0371 2
      vertex 46.8142 12.2858 0
      vertex 46.5111 12.0371 0
    endloop
  endfacet
  facet normal -0.956951 0.290248 0
    outer loop
      vertex 47.2478 12.9346 0
      vertex 47.3616 13.3098 2
      vertex 47.3616 13.3098 0
    endloop
  endfacet
  facet normal -0.956951 0.290248 0
    outer loop
      vertex 47.3616 13.3098 2
      vertex 47.2478 12.9346 0
      vertex 47.2478 12.9346 2
    endloop
  endfacet
  facet normal 0.881795 0.471634 0
    outer loop
      vertex 43.7371 12.5889 2
      vertex 43.5522 12.9346 0
      vertex 43.5522 12.9346 2
    endloop
  endfacet
  facet normal 0.881795 0.471634 0
    outer loop
      vertex 43.5522 12.9346 0
      vertex 43.7371 12.5889 2
      vertex 43.7371 12.5889 0
    endloop
  endfacet
  facet normal 0.995193 0.097938 0
    outer loop
      vertex 43.4384 13.3098 2
      vertex 43.4 13.7 0
      vertex 43.4 13.7 2
    endloop
  endfacet
  facet normal 0.995193 0.097938 0
    outer loop
      vertex 43.4 13.7 0
      vertex 43.4384 13.3098 2
      vertex 43.4384 13.3098 0
    endloop
  endfacet
  facet normal 0.956951 0.290248 0
    outer loop
      vertex 43.5522 12.9346 2
      vertex 43.4384 13.3098 0
      vertex 43.4384 13.3098 2
    endloop
  endfacet
  facet normal 0.956951 0.290248 0
    outer loop
      vertex 43.4384 13.3098 0
      vertex 43.5522 12.9346 2
      vertex 43.5522 12.9346 0
    endloop
  endfacet
  facet normal -0.290248 0.956951 0
    outer loop
      vertex 46.1654 11.8522 0
      vertex 45.7902 11.7384 2
      vertex 46.1654 11.8522 2
    endloop
  endfacet
  facet normal -0.290248 0.956951 0
    outer loop
      vertex 45.7902 11.7384 2
      vertex 46.1654 11.8522 0
      vertex 45.7902 11.7384 0
    endloop
  endfacet
  facet normal -0.77307 0.634321 0
    outer loop
      vertex 46.8142 12.2858 0
      vertex 47.0629 12.5889 2
      vertex 47.0629 12.5889 0
    endloop
  endfacet
  facet normal -0.77307 0.634321 0
    outer loop
      vertex 47.0629 12.5889 2
      vertex 46.8142 12.2858 0
      vertex 46.8142 12.2858 2
    endloop
  endfacet
  facet normal -0.097938 0.995193 0
    outer loop
      vertex 45.7902 11.7384 0
      vertex 45.4 11.7 2
      vertex 45.7902 11.7384 2
    endloop
  endfacet
  facet normal -0.097938 0.995193 0
    outer loop
      vertex 45.4 11.7 2
      vertex 45.7902 11.7384 0
      vertex 45.4 11.7 0
    endloop
  endfacet
  facet normal 0.290248 0.956951 -0
    outer loop
      vertex 45.0098 11.7384 0
      vertex 44.6346 11.8522 2
      vertex 45.0098 11.7384 2
    endloop
  endfacet
  facet normal 0.290248 0.956951 0
    outer loop
      vertex 44.6346 11.8522 2
      vertex 45.0098 11.7384 0
      vertex 44.6346 11.8522 0
    endloop
  endfacet
  facet normal 0.77307 0.634321 0
    outer loop
      vertex 43.9858 12.2858 2
      vertex 43.7371 12.5889 0
      vertex 43.7371 12.5889 2
    endloop
  endfacet
  facet normal 0.77307 0.634321 0
    outer loop
      vertex 43.7371 12.5889 0
      vertex 43.9858 12.2858 2
      vertex 43.9858 12.2858 0
    endloop
  endfacet
  facet normal -0.471634 0.881795 0
    outer loop
      vertex 46.5111 12.0371 0
      vertex 46.1654 11.8522 2
      vertex 46.5111 12.0371 2
    endloop
  endfacet
  facet normal -0.471634 0.881795 0
    outer loop
      vertex 46.1654 11.8522 2
      vertex 46.5111 12.0371 0
      vertex 46.1654 11.8522 0
    endloop
  endfacet
  facet normal 0.634321 0.77307 -0
    outer loop
      vertex 44.2889 12.0371 0
      vertex 43.9858 12.2858 2
      vertex 44.2889 12.0371 2
    endloop
  endfacet
  facet normal 0.634321 0.77307 0
    outer loop
      vertex 43.9858 12.2858 2
      vertex 44.2889 12.0371 0
      vertex 43.9858 12.2858 0
    endloop
  endfacet
  facet normal 0.471634 0.881795 -0
    outer loop
      vertex 44.6346 11.8522 0
      vertex 44.2889 12.0371 2
      vertex 44.6346 11.8522 2
    endloop
  endfacet
  facet normal 0.471634 0.881795 0
    outer loop
      vertex 44.2889 12.0371 2
      vertex 44.6346 11.8522 0
      vertex 44.2889 12.0371 0
    endloop
  endfacet
  facet normal 0 0 -1
    outer loop
      vertex 72.8 5.4 8.5
      vertex 74.8 7 8.5
      vertex 74.8 5.4 8.5
    endloop
  endfacet
  facet normal -0 0 -1
    outer loop
      vertex 74.8 7 8.5
      vertex 72.8 5.4 8.5
      vertex 72.8 7 8.5
    endloop
  endfacet
  facet normal -0 0 1
    outer loop
      vertex 72.8 7 3.5
      vertex 74.8 5.4 3.5
      vertex 74.8 7 3.5
    endloop
  endfacet
  facet normal 0 0 1
    outer loop
      vertex 74.8 5.4 3.5
      vertex 72.8 7 3.5
      vertex 72.8 5.4 3.5
    endloop
  endfacet
  facet normal 0 1 -0
    outer loop
      vertex 74.8 5.4 3.5
      vertex 72.8 5.4 8.5
      vertex 74.8 5.4 8.5
    endloop
  endfacet
  facet normal 0 1 0
    outer loop
      vertex 72.8 5.4 8.5
      vertex 74.8 5.4 3.5
      vertex 72.8 5.4 3.5
    endloop
  endfacet
  facet normal 0 -1 0
    outer loop
      vertex 72.8 7 3.5
      vertex 74.8 7 8.5
      vertex 72.8 7 8.5
    endloop
  endfacet
  facet normal 0 -1 -0
    outer loop
      vertex 74.8 7 8.5
      vertex 72.8 7 3.5
      vertex 74.8 7 3.5
    endloop
  endfacet
  facet normal 0 0 -1
    outer loop
      vertex 72.8 10.4 8.5
      vertex 74.8 12 8.5
      vertex 74.8 10.4 8.5
    endloop
  endfacet
  facet normal -0 0 -1
    outer loop
      vertex 74.8 12 8.5
      vertex 72.8 10.4 8.5
      vertex 72.8 12 8.5
    endloop
  endfacet
  facet normal 0 -1 0
    outer loop
      vertex 72.8 12 3.5
      vertex 74.8 12 8.5
      vertex 72.8 12 8.5
    endloop
  endfacet
  facet normal 0 -1 -0
    outer loop
      vertex 74.8 12 8.5
      vertex 72.8 12 3.5
      vertex 74.8 12 3.5
    endloop
  endfacet
  facet normal -0 0 1
    outer loop
      vertex 72.8 12 3.5
      vertex 74.8 10.4 3.5
      vertex 74.8 12 3.5
    endloop
  endfacet
  facet normal 0 0 1
    outer loop
      vertex 74.8 10.4 3.5
      vertex 72.8 12 3.5
      vertex 72.8 10.4 3.5
    endloop
  endfacet
  facet normal 0 1 -0
    outer loop
      vertex 74.8 10.4 3.5
      vertex 72.8 10.4 8.5
      vertex 74.8 10.4 8.5
    endloop
  endfacet
  facet normal 0 1 0
    outer loop
      vertex 72.8 10.4 8.5
      vertex 74.8 10.4 3.5
      vertex 72.8 10.4 3.5
    endloop
  endfacet
  facet normal 0 0 -1
    outer loop
      vertex 72.8 15.4 8.5
      vertex 74.8 17 8.5
      vertex 74.8 15.4 8.5
    endloop
  endfacet
  facet normal -0 0 -1
    outer loop
      vertex 74.8 17 8.5
      vertex 72.8 15.4 8.5
      vertex 72.8 17 8.5
    endloop
  endfacet
  facet normal 0 -1 0
    outer loop
      vertex 72.8 17 3.5
      vertex 74.8 17 8.5
      vertex 72.8 17 8.5
    endloop
  endfacet
  facet normal 0 -1 -0
    outer loop
      vertex 74.8 17 8.5
      vertex 72.8 17 3.5
      vertex 74.8 17 3.5
    endloop
  endfacet
  facet normal -0 0 1
    outer loop
      vertex 72.8 17 3.5
      vertex 74.8 15.4 3.5
      vertex 74.8 17 3.5
    endloop
  endfacet
  facet normal 0 0 1
    outer loop
      vertex 74.8 15.4 3.5
      vertex 72.8 17 3.5
      vertex 72.8 15.4 3.5
    endloop
  endfacet
  facet normal 0 1 -0
    outer loop
      vertex 74.8 15.4 3.5
      vertex 72.8 15.4 8.5
      vertex 74.8 15.4 8.5
    endloop
  endfacet
  facet normal 0 1 0
    outer loop
      vertex 72.8 15.4 8.5
      vertex 74.8 15.4 3.5
      vertex 72.8 15.4 3.5
    endloop
  endfacet
  facet normal 1 -0 0
    outer loop
      vertex 54.4 0 5.1
      vertex 54.4 2 3.5
      vertex 54.4 2 5.1
    endloop
  endfacet
  facet normal 1 0 0
    outer loop
      vertex 54.4 2 3.5
      vertex 54.4 0 5.1
      vertex 54.4 0 3.5
    endloop
  endfacet
  facet normal 0 0 -1
    outer loop
      vertex 54.4 0 5.1
      vertex 69.4 2 5.1
      vertex 69.4 0 5.1
    endloop
  endfacet
  facet normal -0 0 -1
    outer loop
      vertex 69.4 2 5.1
      vertex 54.4 0 5.1
      vertex 54.4 2 5.1
    endloop
  endfacet
  facet normal -1 0 0
    outer loop
      vertex 69.4 0 3.5
      vertex 69.4 2 5.1
      vertex 69.4 2 3.5
    endloop
  endfacet
  facet normal -1 -0 0
    outer loop
      vertex 69.4 2 5.1
      vertex 69.4 0 3.5
      vertex 69.4 0 5.1
    endloop
  endfacet
  facet normal -0 0 1
    outer loop
      vertex 54.4 2 3.5
      vertex 69.4 0 3.5
      vertex 69.4 2 3.5
    endloop
  endfacet
  facet normal 0 0 1
    outer loop
      vertex 69.4 0 3.5
      vertex 54.4 2 3.5
      vertex 54.4 0 3.5
    endloop
  endfacet
  facet normal 1 -0 0
    outer loop
      vertex 54.4 0 7.3
      vertex 54.4 2 5.7
      vertex 54.4 2 7.3
    endloop
  endfacet
  facet normal 1 0 0
    outer loop
      vertex 54.4 2 5.7
      vertex 54.4 0 7.3
      vertex 54.4 0 5.7
    endloop
  endfacet
  facet normal 0 0 -1
    outer loop
      vertex 54.4 0 7.3
      vertex 69.4 2 7.3
      vertex 69.4 0 7.3
    endloop
  endfacet
  facet normal -0 0 -1
    outer loop
      vertex 69.4 2 7.3
      vertex 54.4 0 7.3
      vertex 54.4 2 7.3
    endloop
  endfacet
  facet normal -1 0 0
    outer loop
      vertex 69.4 0 5.7
      vertex 69.4 2 7.3
      vertex 69.4 2 5.7
    endloop
  endfacet
  facet normal -1 -0 0
    outer loop
      vertex 69.4 2 7.3
      vertex 69.4 0 5.7
      vertex 69.4 0 7.3
    endloop
  endfacet
  facet normal -0 0 1
    outer loop
      vertex 54.4 2 5.7
      vertex 69.4 0 5.7
      vertex 69.4 2 5.7
    endloop
  endfacet
  facet normal 0 0 1
    outer loop
      vertex 69.4 0 5.7
      vertex 54.4 2 5.7
      vertex 54.4 0 5.7
    endloop
  endfacet
  facet normal 1 -0 0
    outer loop
      vertex 54.4 0 9.5
      vertex 54.4 2 7.9
      vertex 54.4 2 9.5
    endloop
  endfacet
  facet normal 1 0 0
    outer loop
      vertex 54.4 2 7.9
      vertex 54.4 0 9.5
      vertex 54.4 0 7.9
    endloop
  endfacet
  facet normal 0 0 -1
    outer loop
      vertex 54.4 0 9.5
      vertex 69.4 2 9.5
      vertex 69.4 0 9.5
    endloop
  endfacet
  facet normal -0 0 -1
    outer loop
      vertex 69.4 2 9.5
      vertex 54.4 0 9.5
      vertex 54.4 2 9.5
    endloop
  endfacet
  facet normal -1 0 0
    outer loop
      vertex 69.4 0 7.9
      vertex 69.4 2 9.5
      vertex 69.4 2 7.9
    endloop
  endfacet
  facet normal -1 -0 0
    outer loop
      vertex 69.4 2 9.5
      vertex 69.4 0 7.9
      vertex 69.4 0 9.5
    endloop
  endfacet
  facet normal -0 0 1
    outer loop
      vertex 54.4 2 7.9
      vertex 69.4 0 7.9
      vertex 69.4 2 7.9
    endloop
  endfacet
  facet normal 0 0 1
    outer loop
      vertex 69.4 0 7.9
      vertex 54.4 2 7.9
      vertex 54.4 0 7.9
    endloop
  endfacet
  facet normal 1 -0 0
    outer loop
      vertex 12.9 28.4 2
      vertex 12.9 52.11 0
      vertex 12.9 52.11 2
    endloop
  endfacet
  facet normal 1 0 0
    outer loop
      vertex 12.9 52.11 0
      vertex 12.9 28.4 2
      vertex 12.9 28.4 0
    endloop
  endfacet
  facet normal -1 0 0
    outer loop
      vertex 61.45 28.4 0
      vertex 61.45 52.11 2
      vertex 61.45 52.11 0
    endloop
  endfacet
  facet normal -1 -0 0
    outer loop
      vertex 61.45 52.11 2
      vertex 61.45 28.4 0
      vertex 61.45 28.4 2
    endloop
  endfacet
  facet normal 0 -1 0
    outer loop
      vertex 12.9 52.11 0
      vertex 61.45 52.11 2
      vertex 12.9 52.11 2
    endloop
  endfacet
  facet normal 0 -1 -0
    outer loop
      vertex 61.45 52.11 2
      vertex 12.9 52.11 0
      vertex 61.45 52.11 0
    endloop
  endfacet
  facet normal 0 1 -0
    outer loop
      vertex 61.45 28.4 0
      vertex 12.9 28.4 2
      vertex 61.45 28.4 2
    endloop
  endfacet
  facet normal 0 1 0
    outer loop
      vertex 12.9 28.4 2
      vertex 61.45 28.4 0
      vertex 12.9 28.4 0
    endloop
  endfacet
  facet normal 0 0 -1
    outer loop
      vertex 0 6.65 7
      vertex 2 16.15 7
      vertex 2 6.65 7
    endloop
  endfacet
  facet normal -0 0 -1
    outer loop
      vertex 2 16.15 7
      vertex 0 6.65 7
      vertex 0 16.15 7
    endloop
  endfacet
  facet normal 0 -1 0
    outer loop
      vertex 0 16.15 3
      vertex 2 16.15 7
      vertex 0 16.15 7
    endloop
  endfacet
  facet normal 0 -1 -0
    outer loop
      vertex 2 16.15 7
      vertex 0 16.15 3
      vertex 2 16.15 3
    endloop
  endfacet
  facet normal -0 0 1
    outer loop
      vertex 0 16.15 3
      vertex 2 6.65 3
      vertex 2 16.15 3
    endloop
  endfacet
  facet normal 0 0 1
    outer loop
      vertex 2 6.65 3
      vertex 0 16.15 3
      vertex 0 6.65 3
    endloop
  endfacet
  facet normal 0 1 -0
    outer loop
      vertex 2 6.65 3
      vertex 0 6.65 7
      vertex 2 6.65 7
    endloop
  endfacet
  facet normal 0 1 0
    outer loop
      vertex 0 6.65 7
      vertex 2 6.65 3
      vertex 0 6.65 3
    endloop
  endfacet
  facet normal -1 0 0
    outer loop
      vertex 0.9 70.6 0
      vertex 0.9 123.4 2
      vertex 0.9 123.4 0
    endloop
  endfacet
  facet normal -1 -0 0
    outer loop
      vertex 0.9 123.4 2
      vertex 0.9 70.6 0
      vertex 0.9 70.6 2
    endloop
  endfacet
  facet normal 0 0 1
    outer loop
      vertex 42.3039 123.025 2
      vertex 73.9 123.4 2
      vertex 42.3409 123.4 2
    endloop
  endfacet
  facet normal 0 0 1
    outer loop
      vertex 42.0194 122.087 2
      vertex 73.9 123.4 2
      vertex 42.3039 123.025 2
    endloop
  endfacet
  facet normal 0 0 1
    outer loop
      vertex 41.5573 121.222 2
      vertex 73.9 123.4 2
      vertex 42.0194 122.087 2
    endloop
  endfacet
  facet normal 0 0 1
    outer loop
      vertex 40.9355 120.464 2
      vertex 73.9 123.4 2
      vertex 41.5573 121.222 2
    endloop
  endfacet
  facet normal 0 0 1
    outer loop
      vertex 73.9 123.4 2
      vertex 40.9355 120.464 2
      vertex 73.9 70.6 2
    endloop
  endfacet
  facet normal -0 0 1
    outer loop
      vertex 40.1778 119.843 2
      vertex 73.9 70.6 2
      vertex 40.9355 120.464 2
    endloop
  endfacet
  facet normal -0 0 1
    outer loop
      vertex 39.3134 119.381 2
      vertex 73.9 70.6 2
      vertex 40.1778 119.843 2
    endloop
  endfacet
  facet normal -0 0 1
    outer loop
      vertex 38.3755 119.096 2
      vertex 73.9 70.6 2
      vertex 39.3134 119.381 2
    endloop
  endfacet
  facet normal -0 0 1
    outer loop
      vertex 37.4 119 2
      vertex 73.9 70.6 2
      vertex 38.3755 119.096 2
    endloop
  endfacet
  facet normal 0 0 1
    outer loop
      vertex 0.9 70.6 2
      vertex 37.4 119 2
      vertex 36.4245 119.096 2
    endloop
  endfacet
  facet normal 0 0 1
    outer loop
      vertex 0.9 70.6 2
      vertex 36.4245 119.096 2
      vertex 35.4866 119.381 2
    endloop
  endfacet
  facet normal 0 0 1
    outer loop
      vertex 0.9 70.6 2
      vertex 35.4866 119.381 2
      vertex 34.6221 119.843 2
    endloop
  endfacet
  facet normal 0 0 1
    outer loop
      vertex 0.9 70.6 2
      vertex 34.6221 119.843 2
      vertex 33.8645 120.464 2
    endloop
  endfacet
  facet normal 0 0 1
    outer loop
      vertex 0.9 123.4 2
      vertex 33.8645 120.464 2
      vertex 33.2427 121.222 2
    endloop
  endfacet
  facet normal -0 0 1
    outer loop
      vertex 0.9 123.4 2
      vertex 32.4961 123.025 2
      vertex 32.4591 123.4 2
    endloop
  endfacet
  facet normal 0 0 1
    outer loop
      vertex 0.9 123.4 2
      vertex 32.7806 122.087 2
      vertex 32.4961 123.025 2
    endloop
  endfacet
  facet normal 0 0 1
    outer loop
      vertex 0.9 123.4 2
      vertex 33.2427 121.222 2
      vertex 32.7806 122.087 2
    endloop
  endfacet
  facet normal 0 0 1
    outer loop
      vertex 33.8645 120.464 2
      vertex 0.9 123.4 2
      vertex 0.9 70.6 2
    endloop
  endfacet
  facet normal 0 0 1
    outer loop
      vertex 37.4 119 2
      vertex 0.9 70.6 2
      vertex 73.9 70.6 2
    endloop
  endfacet
  facet normal 1 0 0
    outer loop
      vertex 73.9 123.4 2
      vertex 73.9 74.2 1
      vertex 73.9 123.4 0
    endloop
  endfacet
  facet normal 1 0 0
    outer loop
      vertex 73.9 123.4 2
      vertex 73.9 74.1885 1.11705
      vertex 73.9 74.2 1
    endloop
  endfacet
  facet normal 1 0 0
    outer loop
      vertex 73.9 123.4 2
      vertex 73.9 74.1543 1.22961
      vertex 73.9 74.1885 1.11705
    endloop
  endfacet
  facet normal 1 0 0
    outer loop
      vertex 73.9 123.4 2
      vertex 73.9 74.0989 1.33334
      vertex 73.9 74.1543 1.22961
    endloop
  endfacet
  facet normal 1 0 0
    outer loop
      vertex 73.9 123.4 2
      vertex 73.9 74.0243 1.42426
      vertex 73.9 74.0989 1.33334
    endloop
  endfacet
  facet normal 1 0 0
    outer loop
      vertex 73.9 123.4 2
      vertex 73.9 73.9333 1.49888
      vertex 73.9 74.0243 1.42426
    endloop
  endfacet
  facet normal 1 0 0
    outer loop
      vertex 73.9 123.4 2
      vertex 73.9 73.8296 1.55433
      vertex 73.9 73.9333 1.49888
    endloop
  endfacet
  facet normal 1 0 0
    outer loop
      vertex 73.9 123.4 2
      vertex 73.9 73.7171 1.58847
      vertex 73.9 73.8296 1.55433
    endloop
  endfacet
  facet normal 1 -0 0
    outer loop
      vertex 73.9 70.6 2
      vertex 73.9 73.7171 1.58847
      vertex 73.9 123.4 2
    endloop
  endfacet
  facet normal 1 0 0
    outer loop
      vertex 73.9 73.0115 1.11705
      vertex 73.9 70.6 2
      vertex 73.9 73 1
    endloop
  endfacet
  facet normal 1 0 0
    outer loop
      vertex 73.9 73.0457 1.22961
      vertex 73.9 70.6 2
      vertex 73.9 73.0115 1.11705
    endloop
  endfacet
  facet normal 1 0 0
    outer loop
      vertex 73.9 73.1011 1.33334
      vertex 73.9 70.6 2
      vertex 73.9 73.0457 1.22961
    endloop
  endfacet
  facet normal 1 0 0
    outer loop
      vertex 73.9 73.1757 1.42426
      vertex 73.9 70.6 2
      vertex 73.9 73.1011 1.33334
    endloop
  endfacet
  facet normal 1 0 0
    outer loop
      vertex 73.9 73.2667 1.49888
      vertex 73.9 70.6 2
      vertex 73.9 73.1757 1.42426
    endloop
  endfacet
  facet normal 1 0 0
    outer loop
      vertex 73.9 73.3704 1.55433
      vertex 73.9 70.6 2
      vertex 73.9 73.2667 1.49888
    endloop
  endfacet
  facet normal 1 0 0
    outer loop
      vertex 73.9 73.4829 1.58847
      vertex 73.9 70.6 2
      vertex 73.9 73.3704 1.55433
    endloop
  endfacet
  facet normal 1 0 0
    outer loop
      vertex 73.9 73.6 1.6
      vertex 73.9 70.6 2
      vertex 73.9 73.4829 1.58847
    endloop
  endfacet
  facet normal 1 0 0
    outer loop
      vertex 73.9 73.7171 1.58847
      vertex 73.9 70.6 2
      vertex 73.9 73.6 1.6
    endloop
  endfacet
  facet normal 1 -0 0
    outer loop
      vertex 73.9 74.1885 0.882945
      vertex 73.9 123.4 0
      vertex 73.9 74.2 1
    endloop
  endfacet
  facet normal 1 -0 0
    outer loop
      vertex 73.9 74.1543 0.77039
      vertex 73.9 123.4 0
      vertex 73.9 74.1885 0.882945
    endloop
  endfacet
  facet normal 1 -0 0
    outer loop
      vertex 73.9 74.0989 0.666657
      vertex 73.9 123.4 0
      vertex 73.9 74.1543 0.77039
    endloop
  endfacet
  facet normal 1 -0 0
    outer loop
      vertex 73.9 74.0243 0.575735
      vertex 73.9 123.4 0
      vertex 73.9 74.0989 0.666657
    endloop
  endfacet
  facet normal 1 -0 0
    outer loop
      vertex 73.9 73.9333 0.501118
      vertex 73.9 123.4 0
      vertex 73.9 74.0243 0.575735
    endloop
  endfacet
  facet normal 1 -0 0
    outer loop
      vertex 73.9 73.8296 0.445672
      vertex 73.9 123.4 0
      vertex 73.9 73.9333 0.501118
    endloop
  endfacet
  facet normal 1 -0 0
    outer loop
      vertex 73.9 73.7171 0.411529
      vertex 73.9 123.4 0
      vertex 73.9 73.8296 0.445672
    endloop
  endfacet
  facet normal 1 0 0
    outer loop
      vertex 73.9 70.6 0
      vertex 73.9 73.7171 0.411529
      vertex 73.9 73.6 0.4
    endloop
  endfacet
  facet normal 1 0 0
    outer loop
      vertex 73.9 70.6 0
      vertex 73.9 73 1
      vertex 73.9 70.6 2
    endloop
  endfacet
  facet normal 1 0 0
    outer loop
      vertex 73.9 73 1
      vertex 73.9 70.6 0
      vertex 73.9 73.0115 0.882945
    endloop
  endfacet
  facet normal 1 0 0
    outer loop
      vertex 73.9 73.0115 0.882945
      vertex 73.9 70.6 0
      vertex 73.9 73.0457 0.77039
    endloop
  endfacet
  facet normal 1 0 0
    outer loop
      vertex 73.9 73.0457 0.77039
      vertex 73.9 70.6 0
      vertex 73.9 73.1011 0.666657
    endloop
  endfacet
  facet normal 1 0 0
    outer loop
      vertex 73.9 73.1011 0.666657
      vertex 73.9 70.6 0
      vertex 73.9 73.1757 0.575735
    endloop
  endfacet
  facet normal 1 0 0
    outer loop
      vertex 73.9 73.7171 0.411529
      vertex 73.9 70.6 0
      vertex 73.9 123.4 0
    endloop
  endfacet
  facet normal 1 0 0
    outer loop
      vertex 73.9 73.4829 0.411529
      vertex 73.9 70.6 0
      vertex 73.9 73.6 0.4
    endloop
  endfacet
  facet normal 1 0 0
    outer loop
      vertex 73.9 73.3704 0.445672
      vertex 73.9 70.6 0
      vertex 73.9 73.4829 0.411529
    endloop
  endfacet
  facet normal 1 0 0
    outer loop
      vertex 73.9 73.2667 0.501118
      vertex 73.9 70.6 0
      vertex 73.9 73.3704 0.445672
    endloop
  endfacet
  facet normal 1 0 0
    outer loop
      vertex 73.9 73.1757 0.575735
      vertex 73.9 70.6 0
      vertex 73.9 73.2667 0.501118
    endloop
  endfacet
  facet normal 0 1 -0
    outer loop
      vertex 73.9 123.4 0
      vertex 42.3409 123.4 2
      vertex 73.9 123.4 2
    endloop
  endfacet
  facet normal 0 1 0
    outer loop
      vertex 42.3409 123.4 2
      vertex 73.9 123.4 0
      vertex 42.3409 123.4 0
    endloop
  endfacet
  facet normal 0 1 -0
    outer loop
      vertex 32.4591 123.4 0
      vertex 0.9 123.4 2
      vertex 32.4591 123.4 2
    endloop
  endfacet
  facet normal 0 1 0
    outer loop
      vertex 0.9 123.4 2
      vertex 32.4591 123.4 0
      vertex 0.9 123.4 0
    endloop
  endfacet
  facet normal 0 0 -1
    outer loop
      vertex 40.9355 120.464 0
      vertex 73.9 123.4 0
      vertex 73.9 70.6 0
    endloop
  endfacet
  facet normal -0 0 -1
    outer loop
      vertex 73.9 123.4 0
      vertex 42.3039 123.025 0
      vertex 42.3409 123.4 0
    endloop
  endfacet
  facet normal 0 0 -1
    outer loop
      vertex 73.9 123.4 0
      vertex 42.0194 122.087 0
      vertex 42.3039 123.025 0
    endloop
  endfacet
  facet normal 0 0 -1
    outer loop
      vertex 73.9 123.4 0
      vertex 41.5573 121.222 0
      vertex 42.0194 122.087 0
    endloop
  endfacet
  facet normal 0 0 -1
    outer loop
      vertex 73.9 123.4 0
      vertex 40.9355 120.464 0
      vertex 41.5573 121.222 0
    endloop
  endfacet
  facet normal 0 0 -1
    outer loop
      vertex 73.9 70.6 0
      vertex 40.1778 119.843 0
      vertex 40.9355 120.464 0
    endloop
  endfacet
  facet normal 0 0 -1
    outer loop
      vertex 73.9 70.6 0
      vertex 39.3134 119.381 0
      vertex 40.1778 119.843 0
    endloop
  endfacet
  facet normal 0 0 -1
    outer loop
      vertex 73.9 70.6 0
      vertex 38.3755 119.096 0
      vertex 39.3134 119.381 0
    endloop
  endfacet
  facet normal 0 0 -1
    outer loop
      vertex 73.9 70.6 0
      vertex 37.4 119 0
      vertex 38.3755 119.096 0
    endloop
  endfacet
  facet normal 0 0 -1
    outer loop
      vertex 0.9 70.6 0
      vertex 37.4 119 0
      vertex 73.9 70.6 0
    endloop
  endfacet
  facet normal -0 0 -1
    outer loop
      vertex 37.4 119 0
      vertex 0.9 70.6 0
      vertex 36.4245 119.096 0
    endloop
  endfacet
  facet normal -0 0 -1
    outer loop
      vertex 36.4245 119.096 0
      vertex 0.9 70.6 0
      vertex 35.4866 119.381 0
    endloop
  endfacet
  facet normal -0 0 -1
    outer loop
      vertex 35.4866 119.381 0
      vertex 0.9 70.6 0
      vertex 34.6221 119.843 0
    endloop
  endfacet
  facet normal -0 0 -1
    outer loop
      vertex 34.6221 119.843 0
      vertex 0.9 70.6 0
      vertex 33.8645 120.464 0
    endloop
  endfacet
  facet normal 0 0 -1
    outer loop
      vertex 0.9 123.4 0
      vertex 33.8645 120.464 0
      vertex 0.9 70.6 0
    endloop
  endfacet
  facet normal 0 0 -1
    outer loop
      vertex 33.8645 120.464 0
      vertex 0.9 123.4 0
      vertex 33.2427 121.222 0
    endloop
  endfacet
  facet normal 0 0 -1
    outer loop
      vertex 33.2427 121.222 0
      vertex 0.9 123.4 0
      vertex 32.7806 122.087 0
    endloop
  endfacet
  facet normal 0 0 -1
    outer loop
      vertex 32.7806 122.087 0
      vertex 0.9 123.4 0
      vertex 32.4961 123.025 0
    endloop
  endfacet
  facet normal 0 0 -1
    outer loop
      vertex 32.4961 123.025 0
      vertex 0.9 123.4 0
      vertex 32.4591 123.4 0
    endloop
  endfacet
  facet normal 0 -1 0
    outer loop
      vertex 0.9 70.6 0
      vertex 73.9 70.6 2
      vertex 0.9 70.6 2
    endloop
  endfacet
  facet normal 0 -1 -0
    outer loop
      vertex 73.9 70.6 2
      vertex 0.9 70.6 0
      vertex 73.9 70.6 0
    endloop
  endfacet
  facet normal -0.995168 0.0981899 0
    outer loop
      vertex 42.3039 123.025 0
      vertex 42.3409 123.4 2
      vertex 42.3409 123.4 0
    endloop
  endfacet
  facet normal -0.995168 0.0981899 0
    outer loop
      vertex 42.3409 123.4 2
      vertex 42.3039 123.025 0
      vertex 42.3039 123.025 2
    endloop
  endfacet
  facet normal 0.097938 0.995193 -0
    outer loop
      vertex 37.4 119 0
      vertex 36.4245 119.096 2
      vertex 37.4 119 2
    endloop
  endfacet
  facet normal 0.097938 0.995193 0
    outer loop
      vertex 36.4245 119.096 2
      vertex 37.4 119 0
      vertex 36.4245 119.096 0
    endloop
  endfacet
  facet normal 0.995168 0.0981899 0
    outer loop
      vertex 32.4961 123.025 2
      vertex 32.4591 123.4 0
      vertex 32.4591 123.4 2
    endloop
  endfacet
  facet normal 0.995168 0.0981899 0
    outer loop
      vertex 32.4591 123.4 0
      vertex 32.4961 123.025 2
      vertex 32.4961 123.025 0
    endloop
  endfacet
  facet normal -0.290743 0.956801 0
    outer loop
      vertex 39.3134 119.381 0
      vertex 38.3755 119.096 2
      vertex 39.3134 119.381 2
    endloop
  endfacet
  facet normal -0.290743 0.956801 0
    outer loop
      vertex 38.3755 119.096 2
      vertex 39.3134 119.381 0
      vertex 38.3755 119.096 0
    endloop
  endfacet
  facet normal -0.471372 0.881935 0
    outer loop
      vertex 40.1778 119.843 0
      vertex 39.3134 119.381 2
      vertex 40.1778 119.843 2
    endloop
  endfacet
  facet normal -0.471372 0.881935 0
    outer loop
      vertex 39.3134 119.381 2
      vertex 40.1778 119.843 0
      vertex 39.3134 119.381 0
    endloop
  endfacet
  facet normal -0.633888 0.773425 0
    outer loop
      vertex 40.9355 120.464 0
      vertex 40.1778 119.843 2
      vertex 40.9355 120.464 2
    endloop
  endfacet
  facet normal -0.633888 0.773425 0
    outer loop
      vertex 40.1778 119.843 2
      vertex 40.9355 120.464 0
      vertex 40.1778 119.843 0
    endloop
  endfacet
  facet normal -0.882028 0.471197 0
    outer loop
      vertex 41.5573 121.222 0
      vertex 42.0194 122.087 2
      vertex 42.0194 122.087 0
    endloop
  endfacet
  facet normal -0.882028 0.471197 0
    outer loop
      vertex 42.0194 122.087 2
      vertex 41.5573 121.222 0
      vertex 41.5573 121.222 2
    endloop
  endfacet
  facet normal -0.097938 0.995193 0
    outer loop
      vertex 38.3755 119.096 0
      vertex 37.4 119 2
      vertex 38.3755 119.096 2
    endloop
  endfacet
  facet normal -0.097938 0.995193 0
    outer loop
      vertex 37.4 119 2
      vertex 38.3755 119.096 0
      vertex 37.4 119 0
    endloop
  endfacet
  facet normal 0.471329 0.881957 -0
    outer loop
      vertex 35.4866 119.381 0
      vertex 34.6221 119.843 2
      vertex 35.4866 119.381 2
    endloop
  endfacet
  facet normal 0.471329 0.881957 0
    outer loop
      vertex 34.6221 119.843 2
      vertex 35.4866 119.381 0
      vertex 34.6221 119.843 0
    endloop
  endfacet
  facet normal 0.773148 0.634226 0
    outer loop
      vertex 33.8645 120.464 2
      vertex 33.2427 121.222 0
      vertex 33.2427 121.222 2
    endloop
  endfacet
  facet normal 0.773148 0.634226 0
    outer loop
      vertex 33.2427 121.222 0
      vertex 33.8645 120.464 2
      vertex 33.8645 120.464 0
    endloop
  endfacet
  facet normal 0.956951 0.290248 0
    outer loop
      vertex 32.7806 122.087 2
      vertex 32.4961 123.025 0
      vertex 32.4961 123.025 2
    endloop
  endfacet
  facet normal 0.956951 0.290248 0
    outer loop
      vertex 32.4961 123.025 0
      vertex 32.7806 122.087 2
      vertex 32.7806 122.087 0
    endloop
  endfacet
  facet normal 0.633938 0.773384 -0
    outer loop
      vertex 34.6221 119.843 0
      vertex 33.8645 120.464 2
      vertex 34.6221 119.843 2
    endloop
  endfacet
  facet normal 0.633938 0.773384 0
    outer loop
      vertex 33.8645 120.464 2
      vertex 34.6221 119.843 0
      vertex 33.8645 120.464 0
    endloop
  endfacet
  facet normal -0.773148 0.634226 0
    outer loop
      vertex 40.9355 120.464 0
      vertex 41.5573 121.222 2
      vertex 41.5573 121.222 0
    endloop
  endfacet
  facet normal -0.773148 0.634226 0
    outer loop
      vertex 41.5573 121.222 2
      vertex 40.9355 120.464 0
      vertex 40.9355 120.464 2
    endloop
  endfacet
  facet normal -0.956951 0.290248 0
    outer loop
      vertex 42.0194 122.087 0
      vertex 42.3039 123.025 2
      vertex 42.3039 123.025 0
    endloop
  endfacet
  facet normal -0.956951 0.290248 0
    outer loop
      vertex 42.3039 123.025 2
      vertex 42.0194 122.087 0
      vertex 42.0194 122.087 2
    endloop
  endfacet
  facet normal 0.290743 0.956801 -0
    outer loop
      vertex 36.4245 119.096 0
      vertex 35.4866 119.381 2
      vertex 36.4245 119.096 2
    endloop
  endfacet
  facet normal 0.290743 0.956801 0
    outer loop
      vertex 35.4866 119.381 2
      vertex 36.4245 119.096 0
      vertex 35.4866 119.381 0
    endloop
  endfacet
  facet normal 0.882028 0.471197 0
    outer loop
      vertex 33.2427 121.222 2
      vertex 32.7806 122.087 0
      vertex 32.7806 122.087 2
    endloop
  endfacet
  facet normal 0.882028 0.471197 0
    outer loop
      vertex 32.7806 122.087 0
      vertex 33.2427 121.222 2
      vertex 33.2427 121.222 0
    endloop
  endfacet
  facet normal 0 0.634064 -0.77328
    outer loop
      vertex 73.9 73.9333 0.501118
      vertex 74.3 74.0243 0.575735
      vertex 74.3 73.9333 0.501118
    endloop
  endfacet
  facet normal 0 0.634064 -0.77328
    outer loop
      vertex 74.3 74.0243 0.575735
      vertex 73.9 73.9333 0.501118
      vertex 73.9 74.0243 0.575735
    endloop
  endfacet
  facet normal 0 0.995209 -0.0977737
    outer loop
      vertex 74.3 74.1885 0.882945
      vertex 73.9 74.2 1
      vertex 74.3 74.2 1
    endloop
  endfacet
  facet normal 0 0.995209 -0.0977737
    outer loop
      vertex 73.9 74.2 1
      vertex 74.3 74.1885 0.882945
      vertex 73.9 74.1885 0.882945
    endloop
  endfacet
  facet normal 0 0.95681 0.290715
    outer loop
      vertex 74.3 74.1885 1.11705
      vertex 73.9 74.1543 1.22961
      vertex 74.3 74.1543 1.22961
    endloop
  endfacet
  facet normal 0 0.95681 0.290715
    outer loop
      vertex 73.9 74.1543 1.22961
      vertex 74.3 74.1885 1.11705
      vertex 73.9 74.1885 1.11705
    endloop
  endfacet
  facet normal -0 0.471537 0.881846
    outer loop
      vertex 73.9 73.9333 1.49888
      vertex 74.3 73.8296 1.55433
      vertex 74.3 73.9333 1.49888
    endloop
  endfacet
  facet normal 0 0.471537 0.881846
    outer loop
      vertex 74.3 73.8296 1.55433
      vertex 73.9 73.9333 1.49888
      vertex 73.9 73.8296 1.55433
    endloop
  endfacet
  facet normal 0 -0.0979806 -0.995188
    outer loop
      vertex 73.9 73.4829 0.411529
      vertex 74.3 73.6 0.4
      vertex 74.3 73.4829 0.411529
    endloop
  endfacet
  facet normal -0 -0.0979806 -0.995188
    outer loop
      vertex 74.3 73.6 0.4
      vertex 73.9 73.4829 0.411529
      vertex 73.9 73.6 0.4
    endloop
  endfacet
  facet normal 0 -0.956806 -0.290727
    outer loop
      vertex 73.9 73.0457 0.77039
      vertex 74.3 73.0115 0.882945
      vertex 73.9 73.0115 0.882945
    endloop
  endfacet
  facet normal 0 -0.956806 -0.290727
    outer loop
      vertex 74.3 73.0115 0.882945
      vertex 73.9 73.0457 0.77039
      vertex 74.3 73.0457 0.77039
    endloop
  endfacet
  facet normal 0 0.290413 -0.956901
    outer loop
      vertex 73.9 73.7171 0.411529
      vertex 74.3 73.8296 0.445672
      vertex 74.3 73.7171 0.411529
    endloop
  endfacet
  facet normal 0 0.290413 -0.956901
    outer loop
      vertex 74.3 73.8296 0.445672
      vertex 73.9 73.7171 0.411529
      vertex 73.9 73.8296 0.445672
    endloop
  endfacet
  facet normal 0 0.47151 -0.88186
    outer loop
      vertex 73.9 73.8296 0.445672
      vertex 74.3 73.9333 0.501118
      vertex 74.3 73.8296 0.445672
    endloop
  endfacet
  facet normal 0 0.47151 -0.88186
    outer loop
      vertex 74.3 73.9333 0.501118
      vertex 73.9 73.8296 0.445672
      vertex 73.9 73.9333 0.501118
    endloop
  endfacet
  facet normal 0 0.882085 -0.47109
    outer loop
      vertex 74.3 74.0989 0.666657
      vertex 73.9 74.1543 0.77039
      vertex 74.3 74.1543 0.77039
    endloop
  endfacet
  facet normal 0 0.882085 -0.47109
    outer loop
      vertex 73.9 74.1543 0.77039
      vertex 74.3 74.0989 0.666657
      vertex 73.9 74.0989 0.666657
    endloop
  endfacet
  facet normal -0 0.097989 0.995187
    outer loop
      vertex 73.9 73.7171 1.58847
      vertex 74.3 73.6 1.6
      vertex 74.3 73.7171 1.58847
    endloop
  endfacet
  facet normal 0 0.097989 0.995187
    outer loop
      vertex 74.3 73.6 1.6
      vertex 73.9 73.7171 1.58847
      vertex 73.9 73.6 1.6
    endloop
  endfacet
  facet normal -0 0.63408 0.773268
    outer loop
      vertex 73.9 74.0243 1.42426
      vertex 74.3 73.9333 1.49888
      vertex 74.3 74.0243 1.42426
    endloop
  endfacet
  facet normal 0 0.63408 0.773268
    outer loop
      vertex 74.3 73.9333 1.49888
      vertex 73.9 74.0243 1.42426
      vertex 73.9 73.9333 1.49888
    endloop
  endfacet
  facet normal 0 0.88208 0.4711
    outer loop
      vertex 74.3 74.1543 1.22961
      vertex 73.9 74.0989 1.33334
      vertex 74.3 74.0989 1.33334
    endloop
  endfacet
  facet normal 0 0.88208 0.4711
    outer loop
      vertex 73.9 74.0989 1.33334
      vertex 74.3 74.1543 1.22961
      vertex 73.9 74.1543 1.22961
    endloop
  endfacet
  facet normal 0 0.995208 0.0977778
    outer loop
      vertex 74.3 74.2 1
      vertex 73.9 74.1885 1.11705
      vertex 74.3 74.1885 1.11705
    endloop
  endfacet
  facet normal 0 0.995208 0.0977778
    outer loop
      vertex 73.9 74.1885 1.11705
      vertex 74.3 74.2 1
      vertex 73.9 74.2 1
    endloop
  endfacet
  facet normal 0 0.773078 0.634311
    outer loop
      vertex 74.3 74.0989 1.33334
      vertex 73.9 74.0243 1.42426
      vertex 74.3 74.0243 1.42426
    endloop
  endfacet
  facet normal 0 0.773078 0.634311
    outer loop
      vertex 73.9 74.0243 1.42426
      vertex 74.3 74.0989 1.33334
      vertex 73.9 74.0989 1.33334
    endloop
  endfacet
  facet normal 0 0.0979806 -0.995188
    outer loop
      vertex 73.9 73.6 0.4
      vertex 74.3 73.7171 0.411529
      vertex 74.3 73.6 0.4
    endloop
  endfacet
  facet normal 0 0.0979806 -0.995188
    outer loop
      vertex 74.3 73.7171 0.411529
      vertex 73.9 73.6 0.4
      vertex 73.9 73.7171 0.411529
    endloop
  endfacet
  facet normal 0 -0.773078 0.634311
    outer loop
      vertex 73.9 73.1011 1.33334
      vertex 74.3 73.1757 1.42426
      vertex 73.9 73.1757 1.42426
    endloop
  endfacet
  facet normal 0 -0.773078 0.634311
    outer loop
      vertex 74.3 73.1757 1.42426
      vertex 73.9 73.1011 1.33334
      vertex 74.3 73.1011 1.33334
    endloop
  endfacet
  facet normal 0 -0.773084 -0.634303
    outer loop
      vertex 73.9 73.1757 0.575735
      vertex 74.3 73.1011 0.666657
      vertex 73.9 73.1011 0.666657
    endloop
  endfacet
  facet normal 0 -0.773084 -0.634303
    outer loop
      vertex 74.3 73.1011 0.666657
      vertex 73.9 73.1757 0.575735
      vertex 74.3 73.1757 0.575735
    endloop
  endfacet
  facet normal 0 0.773084 -0.634303
    outer loop
      vertex 74.3 74.0243 0.575735
      vertex 73.9 74.0989 0.666657
      vertex 74.3 74.0989 0.666657
    endloop
  endfacet
  facet normal 0 0.773084 -0.634303
    outer loop
      vertex 73.9 74.0989 0.666657
      vertex 74.3 74.0243 0.575735
      vertex 73.9 74.0243 0.575735
    endloop
  endfacet
  facet normal 0 0.956806 -0.290727
    outer loop
      vertex 74.3 74.1543 0.77039
      vertex 73.9 74.1885 0.882945
      vertex 74.3 74.1885 0.882945
    endloop
  endfacet
  facet normal 0 0.956806 -0.290727
    outer loop
      vertex 73.9 74.1885 0.882945
      vertex 74.3 74.1543 0.77039
      vertex 73.9 74.1543 0.77039
    endloop
  endfacet
  facet normal -0 0.29039 0.956908
    outer loop
      vertex 73.9 73.8296 1.55433
      vertex 74.3 73.7171 1.58847
      vertex 74.3 73.8296 1.55433
    endloop
  endfacet
  facet normal 0 0.29039 0.956908
    outer loop
      vertex 74.3 73.7171 1.58847
      vertex 73.9 73.8296 1.55433
      vertex 73.9 73.7171 1.58847
    endloop
  endfacet
  facet normal 0 -0.47151 -0.88186
    outer loop
      vertex 73.9 73.2667 0.501118
      vertex 74.3 73.3704 0.445672
      vertex 74.3 73.2667 0.501118
    endloop
  endfacet
  facet normal -0 -0.47151 -0.88186
    outer loop
      vertex 74.3 73.3704 0.445672
      vertex 73.9 73.2667 0.501118
      vertex 73.9 73.3704 0.445672
    endloop
  endfacet
  facet normal 0 -0.29039 0.956908
    outer loop
      vertex 73.9 73.4829 1.58847
      vertex 74.3 73.3704 1.55433
      vertex 74.3 73.4829 1.58847
    endloop
  endfacet
  facet normal 0 -0.29039 0.956908
    outer loop
      vertex 74.3 73.3704 1.55433
      vertex 73.9 73.4829 1.58847
      vertex 73.9 73.3704 1.55433
    endloop
  endfacet
  facet normal 0 -0.097989 0.995187
    outer loop
      vertex 73.9 73.6 1.6
      vertex 74.3 73.4829 1.58847
      vertex 74.3 73.6 1.6
    endloop
  endfacet
  facet normal 0 -0.097989 0.995187
    outer loop
      vertex 74.3 73.4829 1.58847
      vertex 73.9 73.6 1.6
      vertex 73.9 73.4829 1.58847
    endloop
  endfacet
  facet normal 0 -0.63408 0.773268
    outer loop
      vertex 73.9 73.2667 1.49888
      vertex 74.3 73.1757 1.42426
      vertex 74.3 73.2667 1.49888
    endloop
  endfacet
  facet normal 0 -0.63408 0.773268
    outer loop
      vertex 74.3 73.1757 1.42426
      vertex 73.9 73.2667 1.49888
      vertex 73.9 73.1757 1.42426
    endloop
  endfacet
  facet normal 0 -0.882085 -0.47109
    outer loop
      vertex 73.9 73.1011 0.666657
      vertex 74.3 73.0457 0.77039
      vertex 73.9 73.0457 0.77039
    endloop
  endfacet
  facet normal 0 -0.882085 -0.47109
    outer loop
      vertex 74.3 73.0457 0.77039
      vertex 73.9 73.1011 0.666657
      vertex 74.3 73.1011 0.666657
    endloop
  endfacet
  facet normal 0 -0.290413 -0.956901
    outer loop
      vertex 73.9 73.3704 0.445672
      vertex 74.3 73.4829 0.411529
      vertex 74.3 73.3704 0.445672
    endloop
  endfacet
  facet normal -0 -0.290413 -0.956901
    outer loop
      vertex 74.3 73.4829 0.411529
      vertex 73.9 73.3704 0.445672
      vertex 73.9 73.4829 0.411529
    endloop
  endfacet
  facet normal 0 -0.88208 0.4711
    outer loop
      vertex 73.9 73.0457 1.22961
      vertex 74.3 73.1011 1.33334
      vertex 73.9 73.1011 1.33334
    endloop
  endfacet
  facet normal 0 -0.88208 0.4711
    outer loop
      vertex 74.3 73.1011 1.33334
      vertex 73.9 73.0457 1.22961
      vertex 74.3 73.0457 1.22961
    endloop
  endfacet
  facet normal 0 -0.995209 -0.0977737
    outer loop
      vertex 73.9 73.0115 0.882945
      vertex 74.3 73 1
      vertex 73.9 73 1
    endloop
  endfacet
  facet normal 0 -0.995209 -0.0977737
    outer loop
      vertex 74.3 73 1
      vertex 73.9 73.0115 0.882945
      vertex 74.3 73.0115 0.882945
    endloop
  endfacet
  facet normal 0 -0.995208 0.0977778
    outer loop
      vertex 73.9 73 1
      vertex 74.3 73.0115 1.11705
      vertex 73.9 73.0115 1.11705
    endloop
  endfacet
  facet normal 0 -0.995208 0.0977778
    outer loop
      vertex 74.3 73.0115 1.11705
      vertex 73.9 73 1
      vertex 74.3 73 1
    endloop
  endfacet
  facet normal 0 -0.471537 0.881846
    outer loop
      vertex 73.9 73.3704 1.55433
      vertex 74.3 73.2667 1.49888
      vertex 74.3 73.3704 1.55433
    endloop
  endfacet
  facet normal 0 -0.471537 0.881846
    outer loop
      vertex 74.3 73.2667 1.49888
      vertex 73.9 73.3704 1.55433
      vertex 73.9 73.2667 1.49888
    endloop
  endfacet
  facet normal 0 -0.634064 -0.77328
    outer loop
      vertex 73.9 73.1757 0.575735
      vertex 74.3 73.2667 0.501118
      vertex 74.3 73.1757 0.575735
    endloop
  endfacet
  facet normal -0 -0.634064 -0.77328
    outer loop
      vertex 74.3 73.2667 0.501118
      vertex 73.9 73.1757 0.575735
      vertex 73.9 73.2667 0.501118
    endloop
  endfacet
  facet normal 1 0 0
    outer loop
      vertex 74.3 74.1885 1.11705
      vertex 74.3 74.1885 0.882945
      vertex 74.3 74.2 1
    endloop
  endfacet
  facet normal 1 0 0
    outer loop
      vertex 74.3 74.1543 1.22961
      vertex 74.3 74.1885 0.882945
      vertex 74.3 74.1885 1.11705
    endloop
  endfacet
  facet normal 1 0 0
    outer loop
      vertex 74.3 74.1543 1.22961
      vertex 74.3 74.1543 0.77039
      vertex 74.3 74.1885 0.882945
    endloop
  endfacet
  facet normal 1 0 0
    outer loop
      vertex 74.3 74.0989 1.33334
      vertex 74.3 74.1543 0.77039
      vertex 74.3 74.1543 1.22961
    endloop
  endfacet
  facet normal 1 0 0
    outer loop
      vertex 74.3 74.0989 1.33334
      vertex 74.3 74.0989 0.666657
      vertex 74.3 74.1543 0.77039
    endloop
  endfacet
  facet normal 1 0 0
    outer loop
      vertex 74.3 74.0243 1.42426
      vertex 74.3 74.0989 0.666657
      vertex 74.3 74.0989 1.33334
    endloop
  endfacet
  facet normal 1 0 0
    outer loop
      vertex 74.3 74.0243 1.42426
      vertex 74.3 74.0243 0.575735
      vertex 74.3 74.0989 0.666657
    endloop
  endfacet
  facet normal 1 0 0
    outer loop
      vertex 74.3 73.9333 1.49888
      vertex 74.3 74.0243 0.575735
      vertex 74.3 74.0243 1.42426
    endloop
  endfacet
  facet normal 1 0 0
    outer loop
      vertex 74.3 73.9333 1.49888
      vertex 74.3 73.9333 0.501118
      vertex 74.3 74.0243 0.575735
    endloop
  endfacet
  facet normal 1 0 0
    outer loop
      vertex 74.3 73.8296 1.55433
      vertex 74.3 73.9333 0.501118
      vertex 74.3 73.9333 1.49888
    endloop
  endfacet
  facet normal 1 0 0
    outer loop
      vertex 74.3 73.8296 1.55433
      vertex 74.3 73.8296 0.445672
      vertex 74.3 73.9333 0.501118
    endloop
  endfacet
  facet normal 1 0 0
    outer loop
      vertex 74.3 73.7171 1.58847
      vertex 74.3 73.8296 0.445672
      vertex 74.3 73.8296 1.55433
    endloop
  endfacet
  facet normal 1 0 0
    outer loop
      vertex 74.3 73.7171 1.58847
      vertex 74.3 73.7171 0.411529
      vertex 74.3 73.8296 0.445672
    endloop
  endfacet
  facet normal 1 0 0
    outer loop
      vertex 74.3 73.6 1.6
      vertex 74.3 73.7171 0.411529
      vertex 74.3 73.7171 1.58847
    endloop
  endfacet
  facet normal 1 0 0
    outer loop
      vertex 74.3 73.6 1.6
      vertex 74.3 73.6 0.4
      vertex 74.3 73.7171 0.411529
    endloop
  endfacet
  facet normal 1 -0 0
    outer loop
      vertex 74.3 73.4829 1.58847
      vertex 74.3 73.6 0.4
      vertex 74.3 73.6 1.6
    endloop
  endfacet
  facet normal 1 0 0
    outer loop
      vertex 74.3 73.4829 1.58847
      vertex 74.3 73.4829 0.411529
      vertex 74.3 73.6 0.4
    endloop
  endfacet
  facet normal 1 -0 0
    outer loop
      vertex 74.3 73.3704 1.55433
      vertex 74.3 73.4829 0.411529
      vertex 74.3 73.4829 1.58847
    endloop
  endfacet
  facet normal 1 0 0
    outer loop
      vertex 74.3 73.3704 1.55433
      vertex 74.3 73.3704 0.445672
      vertex 74.3 73.4829 0.411529
    endloop
  endfacet
  facet normal 1 -0 0
    outer loop
      vertex 74.3 73.2667 1.49888
      vertex 74.3 73.3704 0.445672
      vertex 74.3 73.3704 1.55433
    endloop
  endfacet
  facet normal 1 0 0
    outer loop
      vertex 74.3 73.2667 1.49888
      vertex 74.3 73.2667 0.501118
      vertex 74.3 73.3704 0.445672
    endloop
  endfacet
  facet normal 1 -0 0
    outer loop
      vertex 74.3 73.1757 1.42426
      vertex 74.3 73.2667 0.501118
      vertex 74.3 73.2667 1.49888
    endloop
  endfacet
  facet normal 1 0 0
    outer loop
      vertex 74.3 73.1757 1.42426
      vertex 74.3 73.1757 0.575735
      vertex 74.3 73.2667 0.501118
    endloop
  endfacet
  facet normal 1 -0 0
    outer loop
      vertex 74.3 73.1011 1.33334
      vertex 74.3 73.1757 0.575735
      vertex 74.3 73.1757 1.42426
    endloop
  endfacet
  facet normal 1 0 0
    outer loop
      vertex 74.3 73.1011 1.33334
      vertex 74.3 73.1011 0.666657
      vertex 74.3 73.1757 0.575735
    endloop
  endfacet
  facet normal 1 -0 0
    outer loop
      vertex 74.3 73.0457 1.22961
      vertex 74.3 73.1011 0.666657
      vertex 74.3 73.1011 1.33334
    endloop
  endfacet
  facet normal 1 0 0
    outer loop
      vertex 74.3 73.0457 1.22961
      vertex 74.3 73.0457 0.77039
      vertex 74.3 73.1011 0.666657
    endloop
  endfacet
  facet normal 1 -0 0
    outer loop
      vertex 74.3 73.0115 1.11705
      vertex 74.3 73.0457 0.77039
      vertex 74.3 73.0457 1.22961
    endloop
  endfacet
  facet normal 1 0 0
    outer loop
      vertex 74.3 73.0115 1.11705
      vertex 74.3 73.0115 0.882945
      vertex 74.3 73.0457 0.77039
    endloop
  endfacet
  facet normal 1 0 -0
    outer loop
      vertex 74.3 73.0115 0.882945
      vertex 74.3 73.0115 1.11705
      vertex 74.3 73 1
    endloop
  endfacet
  facet normal 0 -0.95681 0.290715
    outer loop
      vertex 73.9 73.0115 1.11705
      vertex 74.3 73.0457 1.22961
      vertex 73.9 73.0457 1.22961
    endloop
  endfacet
  facet normal 0 -0.95681 0.290715
    outer loop
      vertex 74.3 73.0457 1.22961
      vertex 73.9 73.0115 1.11705
      vertex 74.3 73.0115 1.11705
    endloop
  endfacet
endsolid OpenSCAD_Model
