solid OpenSCAD_Model
  facet normal -1 0 0
    outer loop
      vertex 0 16.15 7
      vertex 0 63 0
      vertex 0 16.15 3
    endloop
  endfacet
  facet normal -1 0 0
    outer loop
      vertex 0 0 0
      vertex 0 16.15 3
      vertex 0 63 0
    endloop
  endfacet
  facet normal -1 -0 0
    outer loop
      vertex 0 6.65 3
      vertex 0 0 0
      vertex 0 6.65 7
    endloop
  endfacet
  facet normal -1 -0 0
    outer loop
      vertex 0 16.15 3
      vertex 0 0 0
      vertex 0 6.65 3
    endloop
  endfacet
  facet normal -1 0 0
    outer loop
      vertex 0 63 0
      vertex 0 16.15 7
      vertex 0 63 34
    endloop
  endfacet
  facet normal -1 0 0
    outer loop
      vertex 0 0 34
      vertex 0 16.15 7
      vertex 0 6.65 7
    endloop
  endfacet
  facet normal -1 0 0
    outer loop
      vertex 0 16.15 7
      vertex 0 0 34
      vertex 0 63 34
    endloop
  endfacet
  facet normal -1 0 0
    outer loop
      vertex 0 0 34
      vertex 0 6.65 7
      vertex 0 0 0
    endloop
  endfacet
  facet normal 0 0 1
    outer loop
      vertex 68.8 4 34
      vertex 6 4 34
      vertex 68.8 2 34
    endloop
  endfacet
  facet normal 0 0 1
    outer loop
      vertex 74.8 63 34
      vertex 72.8 61 34
      vertex 74.8 0 34
    endloop
  endfacet
  facet normal 0 0 1
    outer loop
      vertex 74.8 63 34
      vertex 2 61 34
      vertex 72.8 61 34
    endloop
  endfacet
  facet normal 0 0 1
    outer loop
      vertex 2 61 34
      vertex 0 63 34
      vertex 2 2 34
    endloop
  endfacet
  facet normal -0 0 1
    outer loop
      vertex 0 63 34
      vertex 2 61 34
      vertex 74.8 63 34
    endloop
  endfacet
  facet normal -0 0 1
    outer loop
      vertex 72.8 2 34
      vertex 74.8 0 34
      vertex 72.8 61 34
    endloop
  endfacet
  facet normal -0 0 1
    outer loop
      vertex 68.8 2 34
      vertex 74.8 0 34
      vertex 72.8 2 34
    endloop
  endfacet
  facet normal 0 0 1
    outer loop
      vertex 6 2 34
      vertex 68.8 2 34
      vertex 6 4 34
    endloop
  endfacet
  facet normal 0 0 1
    outer loop
      vertex 68.8 2 34
      vertex 6 2 34
      vertex 74.8 0 34
    endloop
  endfacet
  facet normal 0 0 1
    outer loop
      vertex 0 0 34
      vertex 6 2 34
      vertex 2 2 34
    endloop
  endfacet
  facet normal 0 0 1
    outer loop
      vertex 6 2 34
      vertex 0 0 34
      vertex 74.8 0 34
    endloop
  endfacet
  facet normal 0 0 1
    outer loop
      vertex 0 0 34
      vertex 2 2 34
      vertex 0 63 34
    endloop
  endfacet
  facet normal 1 0 0
    outer loop
      vertex 74.8 63 34
      vertex 74.8 17 8.5
      vertex 74.8 63 0
    endloop
  endfacet
  facet normal 1 -0 0
    outer loop
      vertex 74.8 0 34
      vertex 74.8 17 8.5
      vertex 74.8 63 34
    endloop
  endfacet
  facet normal 1 0 0
    outer loop
      vertex 74.8 15.4 8.5
      vertex 74.8 12 8.5
      vertex 74.8 15.4 3.5
    endloop
  endfacet
  facet normal 1 0 0
    outer loop
      vertex 74.8 17 8.5
      vertex 74.8 0 34
      vertex 74.8 15.4 8.5
    endloop
  endfacet
  facet normal 1 0 0
    outer loop
      vertex 74.8 15.4 8.5
      vertex 74.8 0 34
      vertex 74.8 12 8.5
    endloop
  endfacet
  facet normal 1 0 0
    outer loop
      vertex 74.8 10.4 8.5
      vertex 74.8 7 8.5
      vertex 74.8 10.4 3.5
    endloop
  endfacet
  facet normal 1 0 0
    outer loop
      vertex 74.8 12 8.5
      vertex 74.8 0 34
      vertex 74.8 10.4 8.5
    endloop
  endfacet
  facet normal 1 0 0
    outer loop
      vertex 74.8 10.4 8.5
      vertex 74.8 0 34
      vertex 74.8 7 8.5
    endloop
  endfacet
  facet normal 1 0 0
    outer loop
      vertex 74.8 0 0
      vertex 74.8 5.4 8.5
      vertex 74.8 0 34
    endloop
  endfacet
  facet normal 1 0 0
    outer loop
      vertex 74.8 7 8.5
      vertex 74.8 0 34
      vertex 74.8 5.4 8.5
    endloop
  endfacet
  facet normal 1 -0 0
    outer loop
      vertex 74.8 17 3.5
      vertex 74.8 63 0
      vertex 74.8 17 8.5
    endloop
  endfacet
  facet normal 1 0 0
    outer loop
      vertex 74.8 0 0
      vertex 74.8 17 3.5
      vertex 74.8 15.4 3.5
    endloop
  endfacet
  facet normal 1 0 0
    outer loop
      vertex 74.8 12 3.5
      vertex 74.8 15.4 3.5
      vertex 74.8 12 8.5
    endloop
  endfacet
  facet normal 1 0 0
    outer loop
      vertex 74.8 0 0
      vertex 74.8 15.4 3.5
      vertex 74.8 12 3.5
    endloop
  endfacet
  facet normal 1 0 0
    outer loop
      vertex 74.8 0 0
      vertex 74.8 12 3.5
      vertex 74.8 10.4 3.5
    endloop
  endfacet
  facet normal 1 0 0
    outer loop
      vertex 74.8 7 3.5
      vertex 74.8 10.4 3.5
      vertex 74.8 7 8.5
    endloop
  endfacet
  facet normal 1 0 0
    outer loop
      vertex 74.8 0 0
      vertex 74.8 10.4 3.5
      vertex 74.8 7 3.5
    endloop
  endfacet
  facet normal 1 0 0
    outer loop
      vertex 74.8 0 0
      vertex 74.8 7 3.5
      vertex 74.8 5.4 3.5
    endloop
  endfacet
  facet normal 1 0 0
    outer loop
      vertex 74.8 17 3.5
      vertex 74.8 0 0
      vertex 74.8 63 0
    endloop
  endfacet
  facet normal 1 0 0
    outer loop
      vertex 74.8 5.4 8.5
      vertex 74.8 0 0
      vertex 74.8 5.4 3.5
    endloop
  endfacet
  facet normal 0 1 -0
    outer loop
      vertex 74.8 63 0
      vertex 0 63 34
      vertex 74.8 63 34
    endloop
  endfacet
  facet normal 0 1 0
    outer loop
      vertex 0 63 34
      vertex 74.8 63 0
      vertex 0 63 0
    endloop
  endfacet
  facet normal 0 0 -1
    outer loop
      vertex 40.6207 10.6542 0
      vertex 61.45 33.4 0
      vertex 40.837 9.94134 0
    endloop
  endfacet
  facet normal 0 0 -1
    outer loop
      vertex 61.45 33.4 0
      vertex 40.837 22.4587 0
      vertex 40.91 23.2 0
    endloop
  endfacet
  facet normal 0 0 -1
    outer loop
      vertex 40.6207 21.7458 0
      vertex 61.45 33.4 0
      vertex 40.6207 10.6542 0
    endloop
  endfacet
  facet normal 0 0 -1
    outer loop
      vertex 61.45 33.4 0
      vertex 40.6207 21.7458 0
      vertex 40.837 22.4587 0
    endloop
  endfacet
  facet normal 0 0 -1
    outer loop
      vertex 40.2696 11.3112 0
      vertex 40.6207 21.7458 0
      vertex 40.6207 10.6542 0
    endloop
  endfacet
  facet normal 0 0 -1
    outer loop
      vertex 40.2696 11.3112 0
      vertex 40.2696 21.0888 0
      vertex 40.6207 21.7458 0
    endloop
  endfacet
  facet normal 0 0 -1
    outer loop
      vertex 39.797 11.887 0
      vertex 40.2696 21.0888 0
      vertex 40.2696 11.3112 0
    endloop
  endfacet
  facet normal 0 0 -1
    outer loop
      vertex 39.797 11.887 0
      vertex 39.797 20.513 0
      vertex 40.2696 21.0888 0
    endloop
  endfacet
  facet normal 0 0 -1
    outer loop
      vertex 39.2212 12.3596 0
      vertex 39.797 20.513 0
      vertex 39.797 11.887 0
    endloop
  endfacet
  facet normal 0 0 -1
    outer loop
      vertex 39.2212 12.3596 0
      vertex 39.2212 20.0404 0
      vertex 39.797 20.513 0
    endloop
  endfacet
  facet normal 0 0 -1
    outer loop
      vertex 38.5642 12.7107 0
      vertex 39.2212 20.0404 0
      vertex 39.2212 12.3596 0
    endloop
  endfacet
  facet normal 0 0 -1
    outer loop
      vertex 38.5642 12.7107 0
      vertex 38.5642 19.6893 0
      vertex 39.2212 20.0404 0
    endloop
  endfacet
  facet normal 0 0 -1
    outer loop
      vertex 37.8513 12.927 0
      vertex 38.5642 19.6893 0
      vertex 38.5642 12.7107 0
    endloop
  endfacet
  facet normal 0 0 -1
    outer loop
      vertex 37.8513 12.927 0
      vertex 37.8513 19.473 0
      vertex 38.5642 19.6893 0
    endloop
  endfacet
  facet normal 0 0 -1
    outer loop
      vertex 37.11 13 0
      vertex 37.8513 19.473 0
      vertex 37.8513 12.927 0
    endloop
  endfacet
  facet normal 0 0 -1
    outer loop
      vertex 37.11 13 0
      vertex 37.11 19.4 0
      vertex 37.8513 19.473 0
    endloop
  endfacet
  facet normal 0 0 -1
    outer loop
      vertex 36.3687 12.927 0
      vertex 37.11 19.4 0
      vertex 37.11 13 0
    endloop
  endfacet
  facet normal 0 0 -1
    outer loop
      vertex 36.3687 12.927 0
      vertex 36.3687 19.473 0
      vertex 37.11 19.4 0
    endloop
  endfacet
  facet normal 0 0 -1
    outer loop
      vertex 35.6558 12.7107 0
      vertex 36.3687 19.473 0
      vertex 36.3687 12.927 0
    endloop
  endfacet
  facet normal 0 0 -1
    outer loop
      vertex 35.6558 12.7107 0
      vertex 35.6558 19.6893 0
      vertex 36.3687 19.473 0
    endloop
  endfacet
  facet normal 0 0 -1
    outer loop
      vertex 34.9988 12.3596 0
      vertex 35.6558 19.6893 0
      vertex 35.6558 12.7107 0
    endloop
  endfacet
  facet normal 0 0 -1
    outer loop
      vertex 34.9988 12.3596 0
      vertex 34.9988 20.0404 0
      vertex 35.6558 19.6893 0
    endloop
  endfacet
  facet normal 0 0 -1
    outer loop
      vertex 34.423 11.887 0
      vertex 34.9988 20.0404 0
      vertex 34.9988 12.3596 0
    endloop
  endfacet
  facet normal 0 0 -1
    outer loop
      vertex 34.423 11.887 0
      vertex 34.423 20.513 0
      vertex 34.9988 20.0404 0
    endloop
  endfacet
  facet normal 0 0 -1
    outer loop
      vertex 33.9504 11.3112 0
      vertex 34.423 20.513 0
      vertex 34.423 11.887 0
    endloop
  endfacet
  facet normal 0 0 -1
    outer loop
      vertex 33.9504 11.3112 0
      vertex 33.9504 21.0888 0
      vertex 34.423 20.513 0
    endloop
  endfacet
  facet normal 0 0 -1
    outer loop
      vertex 33.5993 10.6542 0
      vertex 33.9504 21.0888 0
      vertex 33.9504 11.3112 0
    endloop
  endfacet
  facet normal 0 0 -1
    outer loop
      vertex 33.5993 10.6542 0
      vertex 33.5993 21.7458 0
      vertex 33.9504 21.0888 0
    endloop
  endfacet
  facet normal 0 0 -1
    outer loop
      vertex 12.9 33.4 0
      vertex 33.5993 10.6542 0
      vertex 33.383 9.94134 0
    endloop
  endfacet
  facet normal 0 0 -1
    outer loop
      vertex 33.5993 10.6542 0
      vertex 12.9 33.4 0
      vertex 33.5993 21.7458 0
    endloop
  endfacet
  facet normal 0 0 -1
    outer loop
      vertex 0 0 0
      vertex 33.383 9.94134 0
      vertex 33.31 9.2 0
    endloop
  endfacet
  facet normal 0 0 -1
    outer loop
      vertex 33.5993 21.7458 0
      vertex 12.9 33.4 0
      vertex 33.383 22.4587 0
    endloop
  endfacet
  facet normal 0 0 -1
    outer loop
      vertex 74.8 0 0
      vertex 61.45 33.4 0
      vertex 74.8 63 0
    endloop
  endfacet
  facet normal 0 0 -1
    outer loop
      vertex 40.837 9.94134 0
      vertex 74.8 0 0
      vertex 40.91 9.2 0
    endloop
  endfacet
  facet normal 0 0 -1
    outer loop
      vertex 74.8 0 0
      vertex 40.837 8.45866 0
      vertex 40.91 9.2 0
    endloop
  endfacet
  facet normal 0 0 -1
    outer loop
      vertex 74.8 0 0
      vertex 40.6207 7.7458 0
      vertex 40.837 8.45866 0
    endloop
  endfacet
  facet normal 0 0 -1
    outer loop
      vertex 74.8 0 0
      vertex 40.2696 7.08883 0
      vertex 40.6207 7.7458 0
    endloop
  endfacet
  facet normal 0 0 -1
    outer loop
      vertex 74.8 0 0
      vertex 39.797 6.51299 0
      vertex 40.2696 7.08883 0
    endloop
  endfacet
  facet normal 0 0 -1
    outer loop
      vertex 74.8 0 0
      vertex 39.2212 6.04041 0
      vertex 39.797 6.51299 0
    endloop
  endfacet
  facet normal 0 0 -1
    outer loop
      vertex 74.8 0 0
      vertex 38.5642 5.68926 0
      vertex 39.2212 6.04041 0
    endloop
  endfacet
  facet normal 0 0 -1
    outer loop
      vertex 74.8 0 0
      vertex 37.8513 5.47302 0
      vertex 38.5642 5.68926 0
    endloop
  endfacet
  facet normal 0 0 -1
    outer loop
      vertex 74.8 0 0
      vertex 37.11 5.4 0
      vertex 37.8513 5.47302 0
    endloop
  endfacet
  facet normal 0 0 -1
    outer loop
      vertex 0 0 0
      vertex 37.11 5.4 0
      vertex 74.8 0 0
    endloop
  endfacet
  facet normal 0 0 -1
    outer loop
      vertex 33.383 22.4587 0
      vertex 12.9 33.4 0
      vertex 33.31 23.2 0
    endloop
  endfacet
  facet normal 0 0 -1
    outer loop
      vertex 0 0 0
      vertex 33.31 9.2 0
      vertex 33.383 8.45866 0
    endloop
  endfacet
  facet normal 0 0 -1
    outer loop
      vertex 0 0 0
      vertex 33.383 8.45866 0
      vertex 33.5993 7.7458 0
    endloop
  endfacet
  facet normal 0 0 -1
    outer loop
      vertex 0 0 0
      vertex 33.5993 7.7458 0
      vertex 33.9504 7.08883 0
    endloop
  endfacet
  facet normal 0 0 -1
    outer loop
      vertex 0 63 0
      vertex 12.9 33.4 0
      vertex 0 0 0
    endloop
  endfacet
  facet normal -0 0 -1
    outer loop
      vertex 33.383 9.94134 0
      vertex 0 0 0
      vertex 12.9 33.4 0
    endloop
  endfacet
  facet normal -0 0 -1
    outer loop
      vertex 34.423 6.51299 0
      vertex 0 0 0
      vertex 33.9504 7.08883 0
    endloop
  endfacet
  facet normal -0 0 -1
    outer loop
      vertex 34.9988 6.04041 0
      vertex 0 0 0
      vertex 34.423 6.51299 0
    endloop
  endfacet
  facet normal -0 0 -1
    outer loop
      vertex 35.6558 5.68926 0
      vertex 0 0 0
      vertex 34.9988 6.04041 0
    endloop
  endfacet
  facet normal -0 0 -1
    outer loop
      vertex 36.3687 5.47302 0
      vertex 0 0 0
      vertex 35.6558 5.68926 0
    endloop
  endfacet
  facet normal -0 0 -1
    outer loop
      vertex 37.11 5.4 0
      vertex 0 0 0
      vertex 36.3687 5.47302 0
    endloop
  endfacet
  facet normal 0 0 -1
    outer loop
      vertex 61.45 57.11 0
      vertex 74.8 63 0
      vertex 61.45 33.4 0
    endloop
  endfacet
  facet normal 0 0 -1
    outer loop
      vertex 0 63 0
      vertex 61.45 57.11 0
      vertex 12.9 57.11 0
    endloop
  endfacet
  facet normal 0 0 -1
    outer loop
      vertex 61.45 57.11 0
      vertex 0 63 0
      vertex 74.8 63 0
    endloop
  endfacet
  facet normal 0 0 -1
    outer loop
      vertex 12.9 33.4 0
      vertex 0 63 0
      vertex 12.9 57.11 0
    endloop
  endfacet
  facet normal 0 0 -1
    outer loop
      vertex 74.8 0 0
      vertex 40.837 9.94134 0
      vertex 61.45 33.4 0
    endloop
  endfacet
  facet normal 0 0 -1
    outer loop
      vertex 40.837 23.9413 0
      vertex 61.45 33.4 0
      vertex 40.91 23.2 0
    endloop
  endfacet
  facet normal 0 0 -1
    outer loop
      vertex 40.6207 24.6542 0
      vertex 61.45 33.4 0
      vertex 40.837 23.9413 0
    endloop
  endfacet
  facet normal 0 0 -1
    outer loop
      vertex 40.2696 25.3112 0
      vertex 61.45 33.4 0
      vertex 40.6207 24.6542 0
    endloop
  endfacet
  facet normal 0 0 -1
    outer loop
      vertex 39.797 25.887 0
      vertex 61.45 33.4 0
      vertex 40.2696 25.3112 0
    endloop
  endfacet
  facet normal 0 0 -1
    outer loop
      vertex 39.2212 26.3596 0
      vertex 61.45 33.4 0
      vertex 39.797 25.887 0
    endloop
  endfacet
  facet normal 0 0 -1
    outer loop
      vertex 38.5642 26.7107 0
      vertex 61.45 33.4 0
      vertex 39.2212 26.3596 0
    endloop
  endfacet
  facet normal 0 0 -1
    outer loop
      vertex 37.8513 26.927 0
      vertex 61.45 33.4 0
      vertex 38.5642 26.7107 0
    endloop
  endfacet
  facet normal 0 0 -1
    outer loop
      vertex 37.11 27 0
      vertex 61.45 33.4 0
      vertex 37.8513 26.927 0
    endloop
  endfacet
  facet normal 0 0 -1
    outer loop
      vertex 12.9 33.4 0
      vertex 37.11 27 0
      vertex 36.3687 26.927 0
    endloop
  endfacet
  facet normal 0 0 -1
    outer loop
      vertex 37.11 27 0
      vertex 12.9 33.4 0
      vertex 61.45 33.4 0
    endloop
  endfacet
  facet normal 0 0 -1
    outer loop
      vertex 35.6558 26.7107 0
      vertex 12.9 33.4 0
      vertex 36.3687 26.927 0
    endloop
  endfacet
  facet normal 0 0 -1
    outer loop
      vertex 34.9988 26.3596 0
      vertex 12.9 33.4 0
      vertex 35.6558 26.7107 0
    endloop
  endfacet
  facet normal 0 0 -1
    outer loop
      vertex 34.423 25.887 0
      vertex 12.9 33.4 0
      vertex 34.9988 26.3596 0
    endloop
  endfacet
  facet normal 0 0 -1
    outer loop
      vertex 33.9504 25.3112 0
      vertex 12.9 33.4 0
      vertex 34.423 25.887 0
    endloop
  endfacet
  facet normal 0 0 -1
    outer loop
      vertex 33.5993 24.6542 0
      vertex 12.9 33.4 0
      vertex 33.9504 25.3112 0
    endloop
  endfacet
  facet normal 0 0 -1
    outer loop
      vertex 33.383 23.9413 0
      vertex 12.9 33.4 0
      vertex 33.5993 24.6542 0
    endloop
  endfacet
  facet normal 0 0 -1
    outer loop
      vertex 12.9 33.4 0
      vertex 33.383 23.9413 0
      vertex 33.31 23.2 0
    endloop
  endfacet
  facet normal 0 -1 0
    outer loop
      vertex 0 0 34
      vertex 54.4 0 9.5
      vertex 74.8 0 34
    endloop
  endfacet
  facet normal 0 -1 0
    outer loop
      vertex 0 0 0
      vertex 54.4 0 9.5
      vertex 0 0 34
    endloop
  endfacet
  facet normal 0 -1 0
    outer loop
      vertex 54.4 0 7.9
      vertex 54.4 0 7.3
      vertex 69.4 0 7.9
    endloop
  endfacet
  facet normal 0 -1 -0
    outer loop
      vertex 54.4 0 9.5
      vertex 0 0 0
      vertex 54.4 0 7.9
    endloop
  endfacet
  facet normal 0 -1 -0
    outer loop
      vertex 54.4 0 7.9
      vertex 0 0 0
      vertex 54.4 0 7.3
    endloop
  endfacet
  facet normal 0 -1 0
    outer loop
      vertex 54.4 0 5.7
      vertex 54.4 0 5.1
      vertex 69.4 0 5.7
    endloop
  endfacet
  facet normal 0 -1 -0
    outer loop
      vertex 54.4 0 7.3
      vertex 0 0 0
      vertex 54.4 0 5.7
    endloop
  endfacet
  facet normal 0 -1 -0
    outer loop
      vertex 54.4 0 5.7
      vertex 0 0 0
      vertex 54.4 0 5.1
    endloop
  endfacet
  facet normal 0 -1 0
    outer loop
      vertex 74.8 0 0
      vertex 54.4 0 3.5
      vertex 0 0 0
    endloop
  endfacet
  facet normal 0 -1 -0
    outer loop
      vertex 54.4 0 5.1
      vertex 0 0 0
      vertex 54.4 0 3.5
    endloop
  endfacet
  facet normal 0 -1 0
    outer loop
      vertex 69.4 0 9.5
      vertex 74.8 0 34
      vertex 54.4 0 9.5
    endloop
  endfacet
  facet normal 0 -1 0
    outer loop
      vertex 74.8 0 0
      vertex 69.4 0 9.5
      vertex 69.4 0 7.9
    endloop
  endfacet
  facet normal 0 -1 0
    outer loop
      vertex 69.4 0 7.3
      vertex 69.4 0 7.9
      vertex 54.4 0 7.3
    endloop
  endfacet
  facet normal 0 -1 0
    outer loop
      vertex 74.8 0 0
      vertex 69.4 0 7.9
      vertex 69.4 0 7.3
    endloop
  endfacet
  facet normal 0 -1 0
    outer loop
      vertex 74.8 0 0
      vertex 69.4 0 7.3
      vertex 69.4 0 5.7
    endloop
  endfacet
  facet normal 0 -1 0
    outer loop
      vertex 69.4 0 5.1
      vertex 69.4 0 5.7
      vertex 54.4 0 5.1
    endloop
  endfacet
  facet normal 0 -1 0
    outer loop
      vertex 74.8 0 0
      vertex 69.4 0 5.7
      vertex 69.4 0 5.1
    endloop
  endfacet
  facet normal 0 -1 0
    outer loop
      vertex 74.8 0 0
      vertex 69.4 0 5.1
      vertex 69.4 0 3.5
    endloop
  endfacet
  facet normal 0 -1 0
    outer loop
      vertex 69.4 0 9.5
      vertex 74.8 0 0
      vertex 74.8 0 34
    endloop
  endfacet
  facet normal 0 -1 0
    outer loop
      vertex 54.4 0 3.5
      vertex 74.8 0 0
      vertex 69.4 0 3.5
    endloop
  endfacet
  facet normal 1 0 0
    outer loop
      vertex 2 61 34
      vertex 2 59 10.5
      vertex 2 61 10.5
    endloop
  endfacet
  facet normal 1 0 0
    outer loop
      vertex 2 59 10.5
      vertex 2 16.15 7
      vertex 2 59 9
    endloop
  endfacet
  facet normal 1 0 0
    outer loop
      vertex 2 61 34
      vertex 2 16.15 7
      vertex 2 59 10.5
    endloop
  endfacet
  facet normal 1 -0 0
    outer loop
      vertex 2 2 34
      vertex 2 16.15 7
      vertex 2 61 34
    endloop
  endfacet
  facet normal 1 -0 0
    outer loop
      vertex 2 4 9
      vertex 2 6.65 7
      vertex 2 4 10.5
    endloop
  endfacet
  facet normal 1 -0 -0
    outer loop
      vertex 2 4 10.5
      vertex 2 16.15 7
      vertex 2 2 34
    endloop
  endfacet
  facet normal 1 0 0
    outer loop
      vertex 2 16.15 7
      vertex 2 4 10.5
      vertex 2 6.65 7
    endloop
  endfacet
  facet normal 1 0 0
    outer loop
      vertex 2 4 10.5
      vertex 2 2 34
      vertex 2 2 10.5
    endloop
  endfacet
  facet normal 1 -0 0
    outer loop
      vertex 2 59 9
      vertex 2 61 2
      vertex 2 61 9
    endloop
  endfacet
  facet normal 1 0 0
    outer loop
      vertex 2 16.15 3
      vertex 2 59 9
      vertex 2 16.15 7
    endloop
  endfacet
  facet normal 1 0 0
    outer loop
      vertex 2 59 9
      vertex 2 16.15 3
      vertex 2 61 2
    endloop
  endfacet
  facet normal 1 0 0
    outer loop
      vertex 2 2 2
      vertex 2 16.15 3
      vertex 2 6.65 3
    endloop
  endfacet
  facet normal 1 0 0
    outer loop
      vertex 2 2 2
      vertex 2 6.65 7
      vertex 2 4 9
    endloop
  endfacet
  facet normal 1 0 0
    outer loop
      vertex 2 2 2
      vertex 2 4 9
      vertex 2 2 9
    endloop
  endfacet
  facet normal 1 0 0
    outer loop
      vertex 2 16.15 3
      vertex 2 2 2
      vertex 2 61 2
    endloop
  endfacet
  facet normal 1 0 0
    outer loop
      vertex 2 6.65 7
      vertex 2 2 2
      vertex 2 6.65 3
    endloop
  endfacet
  facet normal -1 0 0
    outer loop
      vertex 72.8 17 8.5
      vertex 72.8 24 2
      vertex 72.8 17 3.5
    endloop
  endfacet
  facet normal -1 0 0
    outer loop
      vertex 72.8 24 2
      vertex 72.8 15.4 3.5
      vertex 72.8 17 3.5
    endloop
  endfacet
  facet normal -1 0 0
    outer loop
      vertex 72.8 15.4 3.5
      vertex 72.8 12 3.5
      vertex 72.8 15.4 8.5
    endloop
  endfacet
  facet normal -1 0 0
    outer loop
      vertex 72.8 24 2
      vertex 72.8 12 3.5
      vertex 72.8 15.4 3.5
    endloop
  endfacet
  facet normal -1 0 0
    outer loop
      vertex 72.8 2 2
      vertex 72.8 12 3.5
      vertex 72.8 24 2
    endloop
  endfacet
  facet normal -1 0 0
    outer loop
      vertex 72.8 10.4 3.5
      vertex 72.8 7 3.5
      vertex 72.8 10.4 8.5
    endloop
  endfacet
  facet normal -1 -0 0
    outer loop
      vertex 72.8 12 3.5
      vertex 72.8 2 2
      vertex 72.8 10.4 3.5
    endloop
  endfacet
  facet normal -1 -0 0
    outer loop
      vertex 72.8 10.4 3.5
      vertex 72.8 2 2
      vertex 72.8 7 3.5
    endloop
  endfacet
  facet normal -1 -0 0
    outer loop
      vertex 72.8 5.4 3.5
      vertex 72.8 2 2
      vertex 72.8 5.4 8.5
    endloop
  endfacet
  facet normal -1 -0 0
    outer loop
      vertex 72.8 7 3.5
      vertex 72.8 2 2
      vertex 72.8 5.4 3.5
    endloop
  endfacet
  facet normal -1 0 0
    outer loop
      vertex 72.8 61 2
      vertex 72.8 59 9
      vertex 72.8 61 9
    endloop
  endfacet
  facet normal -1 0 0
    outer loop
      vertex 72.8 25.5 10.5
      vertex 72.8 59 9
      vertex 72.8 25.5 2
    endloop
  endfacet
  facet normal -1 0 0
    outer loop
      vertex 72.8 25.5 2
      vertex 72.8 59 9
      vertex 72.8 61 2
    endloop
  endfacet
  facet normal -1 0 0
    outer loop
      vertex 72.8 59 10.5
      vertex 72.8 61 34
      vertex 72.8 61 10.5
    endloop
  endfacet
  facet normal -1 0 0
    outer loop
      vertex 72.8 59 9
      vertex 72.8 25.5 10.5
      vertex 72.8 59 10.5
    endloop
  endfacet
  facet normal -1 0 0
    outer loop
      vertex 72.8 59 10.5
      vertex 72.8 25.5 10.5
      vertex 72.8 61 34
    endloop
  endfacet
  facet normal -1 0 0
    outer loop
      vertex 72.8 2 34
      vertex 72.8 25.5 10.5
      vertex 72.8 24 10.5
    endloop
  endfacet
  facet normal -1 0 0
    outer loop
      vertex 72.8 24 2
      vertex 72.8 17 8.5
      vertex 72.8 24 10.5
    endloop
  endfacet
  facet normal -1 0 0
    outer loop
      vertex 72.8 2 34
      vertex 72.8 24 10.5
      vertex 72.8 17 8.5
    endloop
  endfacet
  facet normal -1 0 0
    outer loop
      vertex 72.8 2 34
      vertex 72.8 17 8.5
      vertex 72.8 15.4 8.5
    endloop
  endfacet
  facet normal -1 0 0
    outer loop
      vertex 72.8 12 8.5
      vertex 72.8 15.4 8.5
      vertex 72.8 12 3.5
    endloop
  endfacet
  facet normal -1 0 0
    outer loop
      vertex 72.8 2 34
      vertex 72.8 15.4 8.5
      vertex 72.8 12 8.5
    endloop
  endfacet
  facet normal -1 0 0
    outer loop
      vertex 72.8 2 34
      vertex 72.8 12 8.5
      vertex 72.8 10.4 8.5
    endloop
  endfacet
  facet normal -1 0 0
    outer loop
      vertex 72.8 7 8.5
      vertex 72.8 10.4 8.5
      vertex 72.8 7 3.5
    endloop
  endfacet
  facet normal -1 0 0
    outer loop
      vertex 72.8 2 34
      vertex 72.8 10.4 8.5
      vertex 72.8 7 8.5
    endloop
  endfacet
  facet normal -1 0 0
    outer loop
      vertex 72.8 2 34
      vertex 72.8 7 8.5
      vertex 72.8 5.4 8.5
    endloop
  endfacet
  facet normal -1 0 0
    outer loop
      vertex 72.8 25.5 10.5
      vertex 72.8 2 34
      vertex 72.8 61 34
    endloop
  endfacet
  facet normal -1 0 0
    outer loop
      vertex 72.8 2 34
      vertex 72.8 5.4 8.5
      vertex 72.8 2 2
    endloop
  endfacet
  facet normal 0 -1 0
    outer loop
      vertex 2 61 2
      vertex 72.8 61 9
      vertex 2 61 9
    endloop
  endfacet
  facet normal 0 -1 -0
    outer loop
      vertex 72.8 61 9
      vertex 2 61 2
      vertex 72.8 61 2
    endloop
  endfacet
  facet normal 0 -1 0
    outer loop
      vertex 26.4 61 27.5
      vertex 48.4 61 29
      vertex 26.4 61 29
    endloop
  endfacet
  facet normal 0 -1 -0
    outer loop
      vertex 48.4 61 29
      vertex 26.4 61 27.5
      vertex 48.4 61 27.5
    endloop
  endfacet
  facet normal 0 -1 0
    outer loop
      vertex 26.4 61 29
      vertex 2 61 34
      vertex 16.4 61 29
    endloop
  endfacet
  facet normal 0 -1 0
    outer loop
      vertex 2 61 34
      vertex 16.4 61 27.5
      vertex 16.4 61 29
    endloop
  endfacet
  facet normal 0 -1 0
    outer loop
      vertex 2 61 10.5
      vertex 26.4 61 27.5
      vertex 16.4 61 27.5
    endloop
  endfacet
  facet normal 0 -1 -0
    outer loop
      vertex 26.4 61 27.5
      vertex 2 61 10.5
      vertex 48.4 61 27.5
    endloop
  endfacet
  facet normal 0 -1 0
    outer loop
      vertex 72.8 61 10.5
      vertex 48.4 61 27.5
      vertex 2 61 10.5
    endloop
  endfacet
  facet normal 0 -1 0
    outer loop
      vertex 2 61 10.5
      vertex 16.4 61 27.5
      vertex 2 61 34
    endloop
  endfacet
  facet normal 0 -1 0
    outer loop
      vertex 2 61 34
      vertex 26.4 61 29
      vertex 72.8 61 34
    endloop
  endfacet
  facet normal 0 -1 0
    outer loop
      vertex 48.4 61 29
      vertex 72.8 61 34
      vertex 26.4 61 29
    endloop
  endfacet
  facet normal 0 -1 0
    outer loop
      vertex 58.4 61 29
      vertex 72.8 61 34
      vertex 48.4 61 29
    endloop
  endfacet
  facet normal 0 -1 0
    outer loop
      vertex 58.4 61 27.5
      vertex 72.8 61 34
      vertex 58.4 61 29
    endloop
  endfacet
  facet normal 0 -1 0
    outer loop
      vertex 58.4 61 27.5
      vertex 72.8 61 10.5
      vertex 72.8 61 34
    endloop
  endfacet
  facet normal 0 -1 0
    outer loop
      vertex 48.4 61 27.5
      vertex 72.8 61 10.5
      vertex 58.4 61 27.5
    endloop
  endfacet
  facet normal -0 0 1
    outer loop
      vertex 2.2 54.35 2
      vertex 4.7 36.65 2
      vertex 4.7 54.35 2
    endloop
  endfacet
  facet normal 0 0 1
    outer loop
      vertex 4.7 36.65 2
      vertex 2.2 54.35 2
      vertex 2.2 36.65 2
    endloop
  endfacet
  facet normal -0 0 1
    outer loop
      vertex 70.1 54.35 2
      vertex 72.6 36.65 2
      vertex 72.6 54.35 2
    endloop
  endfacet
  facet normal 0 0 1
    outer loop
      vertex 72.6 36.65 2
      vertex 70.1 54.35 2
      vertex 70.1 36.65 2
    endloop
  endfacet
  facet normal 0 0 1
    outer loop
      vertex 72.6 54.35 2
      vertex 72.8 61 2
      vertex 72.6 56.85 2
    endloop
  endfacet
  facet normal 0 0 1
    outer loop
      vertex 72.8 61 2
      vertex 70.1 56.85 2
      vertex 72.6 56.85 2
    endloop
  endfacet
  facet normal 0 0 1
    outer loop
      vertex 61.45 57.11 2
      vertex 70.1 54.35 2
      vertex 70.1 56.85 2
    endloop
  endfacet
  facet normal 0 0 1
    outer loop
      vertex 70.1 54.35 2
      vertex 61.45 57.11 2
      vertex 70.1 36.65 2
    endloop
  endfacet
  facet normal 0 0 1
    outer loop
      vertex 61.45 33.4 2
      vertex 70.1 36.65 2
      vertex 61.45 57.11 2
    endloop
  endfacet
  facet normal 0 0 1
    outer loop
      vertex 72.8 61 2
      vertex 61.45 57.11 2
      vertex 70.1 56.85 2
    endloop
  endfacet
  facet normal -0 0 1
    outer loop
      vertex 2 61 2
      vertex 61.45 57.11 2
      vertex 72.8 61 2
    endloop
  endfacet
  facet normal -0 0 1
    outer loop
      vertex 4.7 36.65 2
      vertex 12.9 33.4 2
      vertex 12.9 57.11 2
    endloop
  endfacet
  facet normal -0 0 1
    outer loop
      vertex 4.7 34.15 2
      vertex 12.9 33.4 2
      vertex 4.7 36.65 2
    endloop
  endfacet
  facet normal 0 0 1
    outer loop
      vertex 4.7 36.65 2
      vertex 12.9 57.11 2
      vertex 4.7 54.35 2
    endloop
  endfacet
  facet normal 0 0 1
    outer loop
      vertex 4.7 54.35 2
      vertex 12.9 57.11 2
      vertex 4.7 56.85 2
    endloop
  endfacet
  facet normal 0 0 1
    outer loop
      vertex 61.45 57.11 2
      vertex 2 61 2
      vertex 12.9 57.11 2
    endloop
  endfacet
  facet normal 0 0 1
    outer loop
      vertex 12.9 57.11 2
      vertex 2 61 2
      vertex 4.7 56.85 2
    endloop
  endfacet
  facet normal 0 0 1
    outer loop
      vertex 2 61 2
      vertex 2.2 54.35 2
      vertex 2.2 56.85 2
    endloop
  endfacet
  facet normal 0 0 1
    outer loop
      vertex 2.2 54.35 2
      vertex 2 61 2
      vertex 2.2 36.65 2
    endloop
  endfacet
  facet normal 0 0 1
    outer loop
      vertex 2.2 36.65 2
      vertex 2 61 2
      vertex 2.2 34.15 2
    endloop
  endfacet
  facet normal 0 0 1
    outer loop
      vertex 4.7 56.85 2
      vertex 2 61 2
      vertex 2.2 56.85 2
    endloop
  endfacet
  facet normal 0 0 1
    outer loop
      vertex 72.6 36.65 2
      vertex 72.8 61 2
      vertex 72.6 54.35 2
    endloop
  endfacet
  facet normal 0 0 1
    outer loop
      vertex 72.8 61 2
      vertex 72.6 36.65 2
      vertex 72.8 25.5 2
    endloop
  endfacet
  facet normal -0 0 1
    outer loop
      vertex 72.6 34.15 2
      vertex 72.8 25.5 2
      vertex 72.6 36.65 2
    endloop
  endfacet
  facet normal -0 0 1
    outer loop
      vertex 70.1 34.15 2
      vertex 72.8 25.5 2
      vertex 72.6 34.15 2
    endloop
  endfacet
  facet normal 0 0 1
    outer loop
      vertex 70.1 36.65 2
      vertex 61.45 33.4 2
      vertex 70.1 34.15 2
    endloop
  endfacet
  facet normal 0 0 1
    outer loop
      vertex 70.1 34.15 2
      vertex 61.45 33.4 2
      vertex 72.8 25.5 2
    endloop
  endfacet
  facet normal 0 0 1
    outer loop
      vertex 61.45 33.4 2
      vertex 49.3 25.5 2
      vertex 72.8 25.5 2
    endloop
  endfacet
  facet normal 0 0 1
    outer loop
      vertex 44.31 2 2
      vertex 49.3 25.5 2
      vertex 44.31 30.4 2
    endloop
  endfacet
  facet normal 0 0 1
    outer loop
      vertex 61.45 33.4 2
      vertex 44.31 30.4 2
      vertex 49.3 25.5 2
    endloop
  endfacet
  facet normal 0 0 1
    outer loop
      vertex 61.45 33.4 2
      vertex 29.91 30.4 2
      vertex 44.31 30.4 2
    endloop
  endfacet
  facet normal 0 0 1
    outer loop
      vertex 22.17 20.65 2
      vertex 29.91 30.4 2
      vertex 22.17 23.15 2
    endloop
  endfacet
  facet normal 0 0 1
    outer loop
      vertex 12.9 33.4 2
      vertex 22.17 23.15 2
      vertex 29.91 30.4 2
    endloop
  endfacet
  facet normal 0 0 1
    outer loop
      vertex 7.65 23.15 2
      vertex 19.67 23.15 2
      vertex 12.9 33.4 2
    endloop
  endfacet
  facet normal 0 0 1
    outer loop
      vertex 22.17 23.15 2
      vertex 12.9 33.4 2
      vertex 19.67 23.15 2
    endloop
  endfacet
  facet normal -0 0 1
    outer loop
      vertex 12.9 33.4 2
      vertex 29.91 30.4 2
      vertex 61.45 33.4 2
    endloop
  endfacet
  facet normal 0 0 1
    outer loop
      vertex 49.3 25.5 2
      vertex 44.31 2 2
      vertex 49.3 2 2
    endloop
  endfacet
  facet normal 0 0 0
    outer loop
      vertex 29.91 2 2
      vertex 49.3 2 2
      vertex 44.31 2 2
    endloop
  endfacet
  facet normal 0 0 1
    outer loop
      vertex 29.91 30.4 2
      vertex 22.17 20.65 2
      vertex 29.91 2 2
    endloop
  endfacet
  facet normal -0 0 1
    outer loop
      vertex 19.67 20.65 2
      vertex 29.91 2 2
      vertex 22.17 20.65 2
    endloop
  endfacet
  facet normal 0 0 1
    outer loop
      vertex 19.67 23.15 2
      vertex 7.65 23.15 2
      vertex 19.67 20.65 2
    endloop
  endfacet
  facet normal 0 0 1
    outer loop
      vertex 7.65 20.65 2
      vertex 19.67 20.65 2
      vertex 7.65 23.15 2
    endloop
  endfacet
  facet normal 0 0 1
    outer loop
      vertex 2 2 2
      vertex 19.67 20.65 2
      vertex 7.65 20.65 2
    endloop
  endfacet
  facet normal 0 0 1
    outer loop
      vertex 2 2 2
      vertex 7.65 20.65 2
      vertex 5.15 20.65 2
    endloop
  endfacet
  facet normal 0 0 1
    outer loop
      vertex 12.9 33.4 2
      vertex 4.7 34.15 2
      vertex 7.65 23.15 2
    endloop
  endfacet
  facet normal 0 0 1
    outer loop
      vertex 7.65 23.15 2
      vertex 4.7 34.15 2
      vertex 5.15 23.15 2
    endloop
  endfacet
  facet normal -0 0 1
    outer loop
      vertex 2.2 34.15 2
      vertex 5.15 23.15 2
      vertex 4.7 34.15 2
    endloop
  endfacet
  facet normal 0 0 1
    outer loop
      vertex 5.15 23.15 2
      vertex 2.2 34.15 2
      vertex 5.15 20.65 2
    endloop
  endfacet
  facet normal 0 0 -0
    outer loop
      vertex 29.91 2 2
      vertex 2 2 2
      vertex 49.3 2 2
    endloop
  endfacet
  facet normal 0 0 1
    outer loop
      vertex 19.67 20.65 2
      vertex 2 2 2
      vertex 29.91 2 2
    endloop
  endfacet
  facet normal 0 0 1
    outer loop
      vertex 2.2 34.15 2
      vertex 2 2 2
      vertex 5.15 20.65 2
    endloop
  endfacet
  facet normal 0 0 1
    outer loop
      vertex 2 2 2
      vertex 2.2 34.15 2
      vertex 2 61 2
    endloop
  endfacet
  facet normal -0 0 1
    outer loop
      vertex 50.8 24 2
      vertex 72.8 2 2
      vertex 72.8 24 2
    endloop
  endfacet
  facet normal 0 0 1
    outer loop
      vertex 72.8 2 2
      vertex 50.8 24 2
      vertex 50.8 2 2
    endloop
  endfacet
  facet normal 0 0 1
    outer loop
      vertex 43.11 15.2 2
      vertex 40.91 9.2 2
      vertex 43.11 3.2 2
    endloop
  endfacet
  facet normal 0 0 1
    outer loop
      vertex 43.11 15.2 2
      vertex 40.837 9.94134 2
      vertex 40.91 9.2 2
    endloop
  endfacet
  facet normal 0 0 1
    outer loop
      vertex 43.11 15.2 2
      vertex 40.6207 10.6542 2
      vertex 40.837 9.94134 2
    endloop
  endfacet
  facet normal 0 0 1
    outer loop
      vertex 43.11 15.2 2
      vertex 40.2696 11.3112 2
      vertex 40.6207 10.6542 2
    endloop
  endfacet
  facet normal 0 0 1
    outer loop
      vertex 43.11 15.2 2
      vertex 39.797 11.887 2
      vertex 40.2696 11.3112 2
    endloop
  endfacet
  facet normal 0 0 1
    outer loop
      vertex 43.11 15.2 2
      vertex 39.2212 12.3596 2
      vertex 39.797 11.887 2
    endloop
  endfacet
  facet normal 0 0 1
    outer loop
      vertex 43.11 15.2 2
      vertex 38.5642 12.7107 2
      vertex 39.2212 12.3596 2
    endloop
  endfacet
  facet normal 0 0 1
    outer loop
      vertex 43.11 15.2 2
      vertex 37.8513 12.927 2
      vertex 38.5642 12.7107 2
    endloop
  endfacet
  facet normal 0 0 1
    outer loop
      vertex 43.11 15.2 2
      vertex 37.11 13 2
      vertex 37.8513 12.927 2
    endloop
  endfacet
  facet normal -0 0 1
    outer loop
      vertex 31.11 15.2 2
      vertex 37.11 13 2
      vertex 43.11 15.2 2
    endloop
  endfacet
  facet normal 0 0 1
    outer loop
      vertex 37.11 13 2
      vertex 31.11 15.2 2
      vertex 36.3687 12.927 2
    endloop
  endfacet
  facet normal 0 0 1
    outer loop
      vertex 33.383 9.94134 2
      vertex 31.11 15.2 2
      vertex 33.31 9.2 2
    endloop
  endfacet
  facet normal 0 0 1
    outer loop
      vertex 33.5993 10.6542 2
      vertex 31.11 15.2 2
      vertex 33.383 9.94134 2
    endloop
  endfacet
  facet normal 0 0 1
    outer loop
      vertex 33.9504 11.3112 2
      vertex 31.11 15.2 2
      vertex 33.5993 10.6542 2
    endloop
  endfacet
  facet normal 0 0 1
    outer loop
      vertex 34.423 11.887 2
      vertex 31.11 15.2 2
      vertex 33.9504 11.3112 2
    endloop
  endfacet
  facet normal 0 0 1
    outer loop
      vertex 34.9988 12.3596 2
      vertex 31.11 15.2 2
      vertex 34.423 11.887 2
    endloop
  endfacet
  facet normal 0 0 1
    outer loop
      vertex 35.6558 12.7107 2
      vertex 31.11 15.2 2
      vertex 34.9988 12.3596 2
    endloop
  endfacet
  facet normal 0 0 1
    outer loop
      vertex 36.3687 12.927 2
      vertex 31.11 15.2 2
      vertex 35.6558 12.7107 2
    endloop
  endfacet
  facet normal -0 0 1
    outer loop
      vertex 40.837 8.45866 2
      vertex 43.11 3.2 2
      vertex 40.91 9.2 2
    endloop
  endfacet
  facet normal -0 0 1
    outer loop
      vertex 40.6207 7.7458 2
      vertex 43.11 3.2 2
      vertex 40.837 8.45866 2
    endloop
  endfacet
  facet normal -0 0 1
    outer loop
      vertex 40.2696 7.08883 2
      vertex 43.11 3.2 2
      vertex 40.6207 7.7458 2
    endloop
  endfacet
  facet normal -0 0 1
    outer loop
      vertex 39.797 6.51299 2
      vertex 43.11 3.2 2
      vertex 40.2696 7.08883 2
    endloop
  endfacet
  facet normal -0 0 1
    outer loop
      vertex 39.2212 6.04041 2
      vertex 43.11 3.2 2
      vertex 39.797 6.51299 2
    endloop
  endfacet
  facet normal -0 0 1
    outer loop
      vertex 38.5642 5.68926 2
      vertex 43.11 3.2 2
      vertex 39.2212 6.04041 2
    endloop
  endfacet
  facet normal -0 0 1
    outer loop
      vertex 37.8513 5.47302 2
      vertex 43.11 3.2 2
      vertex 38.5642 5.68926 2
    endloop
  endfacet
  facet normal -0 0 1
    outer loop
      vertex 37.11 5.4 2
      vertex 43.11 3.2 2
      vertex 37.8513 5.47302 2
    endloop
  endfacet
  facet normal 0 0 1
    outer loop
      vertex 31.11 3.2 2
      vertex 37.11 5.4 2
      vertex 36.3687 5.47302 2
    endloop
  endfacet
  facet normal 0 0 1
    outer loop
      vertex 31.11 3.2 2
      vertex 36.3687 5.47302 2
      vertex 35.6558 5.68926 2
    endloop
  endfacet
  facet normal 0 0 1
    outer loop
      vertex 31.11 3.2 2
      vertex 33.31 9.2 2
      vertex 31.11 15.2 2
    endloop
  endfacet
  facet normal 0 0 1
    outer loop
      vertex 33.31 9.2 2
      vertex 31.11 3.2 2
      vertex 33.383 8.45866 2
    endloop
  endfacet
  facet normal 0 0 1
    outer loop
      vertex 37.11 5.4 2
      vertex 31.11 3.2 2
      vertex 43.11 3.2 2
    endloop
  endfacet
  facet normal 0 0 1
    outer loop
      vertex 34.9988 6.04041 2
      vertex 31.11 3.2 2
      vertex 35.6558 5.68926 2
    endloop
  endfacet
  facet normal 0 0 1
    outer loop
      vertex 34.423 6.51299 2
      vertex 31.11 3.2 2
      vertex 34.9988 6.04041 2
    endloop
  endfacet
  facet normal 0 0 1
    outer loop
      vertex 33.9504 7.08883 2
      vertex 31.11 3.2 2
      vertex 34.423 6.51299 2
    endloop
  endfacet
  facet normal 0 0 1
    outer loop
      vertex 33.5993 7.7458 2
      vertex 31.11 3.2 2
      vertex 33.9504 7.08883 2
    endloop
  endfacet
  facet normal 0 0 1
    outer loop
      vertex 33.383 8.45866 2
      vertex 31.11 3.2 2
      vertex 33.5993 7.7458 2
    endloop
  endfacet
  facet normal 0 0 1
    outer loop
      vertex 43.11 29.2 2
      vertex 40.91 23.2 2
      vertex 43.11 17.2 2
    endloop
  endfacet
  facet normal 0 0 1
    outer loop
      vertex 43.11 29.2 2
      vertex 40.837 23.9413 2
      vertex 40.91 23.2 2
    endloop
  endfacet
  facet normal 0 0 1
    outer loop
      vertex 43.11 29.2 2
      vertex 40.6207 24.6542 2
      vertex 40.837 23.9413 2
    endloop
  endfacet
  facet normal 0 0 1
    outer loop
      vertex 43.11 29.2 2
      vertex 40.2696 25.3112 2
      vertex 40.6207 24.6542 2
    endloop
  endfacet
  facet normal 0 0 1
    outer loop
      vertex 43.11 29.2 2
      vertex 39.797 25.887 2
      vertex 40.2696 25.3112 2
    endloop
  endfacet
  facet normal 0 0 1
    outer loop
      vertex 43.11 29.2 2
      vertex 39.2212 26.3596 2
      vertex 39.797 25.887 2
    endloop
  endfacet
  facet normal 0 0 1
    outer loop
      vertex 43.11 29.2 2
      vertex 38.5642 26.7107 2
      vertex 39.2212 26.3596 2
    endloop
  endfacet
  facet normal 0 0 1
    outer loop
      vertex 43.11 29.2 2
      vertex 37.8513 26.927 2
      vertex 38.5642 26.7107 2
    endloop
  endfacet
  facet normal 0 0 1
    outer loop
      vertex 43.11 29.2 2
      vertex 37.11 27 2
      vertex 37.8513 26.927 2
    endloop
  endfacet
  facet normal -0 0 1
    outer loop
      vertex 31.11 29.2 2
      vertex 37.11 27 2
      vertex 43.11 29.2 2
    endloop
  endfacet
  facet normal 0 0 1
    outer loop
      vertex 37.11 27 2
      vertex 31.11 29.2 2
      vertex 36.3687 26.927 2
    endloop
  endfacet
  facet normal 0 0 1
    outer loop
      vertex 33.383 23.9413 2
      vertex 31.11 29.2 2
      vertex 33.31 23.2 2
    endloop
  endfacet
  facet normal 0 0 1
    outer loop
      vertex 33.5993 24.6542 2
      vertex 31.11 29.2 2
      vertex 33.383 23.9413 2
    endloop
  endfacet
  facet normal 0 0 1
    outer loop
      vertex 33.9504 25.3112 2
      vertex 31.11 29.2 2
      vertex 33.5993 24.6542 2
    endloop
  endfacet
  facet normal 0 0 1
    outer loop
      vertex 34.423 25.887 2
      vertex 31.11 29.2 2
      vertex 33.9504 25.3112 2
    endloop
  endfacet
  facet normal 0 0 1
    outer loop
      vertex 34.9988 26.3596 2
      vertex 31.11 29.2 2
      vertex 34.423 25.887 2
    endloop
  endfacet
  facet normal 0 0 1
    outer loop
      vertex 35.6558 26.7107 2
      vertex 31.11 29.2 2
      vertex 34.9988 26.3596 2
    endloop
  endfacet
  facet normal 0 0 1
    outer loop
      vertex 36.3687 26.927 2
      vertex 31.11 29.2 2
      vertex 35.6558 26.7107 2
    endloop
  endfacet
  facet normal -0 0 1
    outer loop
      vertex 40.837 22.4587 2
      vertex 43.11 17.2 2
      vertex 40.91 23.2 2
    endloop
  endfacet
  facet normal -0 0 1
    outer loop
      vertex 40.6207 21.7458 2
      vertex 43.11 17.2 2
      vertex 40.837 22.4587 2
    endloop
  endfacet
  facet normal -0 0 1
    outer loop
      vertex 40.2696 21.0888 2
      vertex 43.11 17.2 2
      vertex 40.6207 21.7458 2
    endloop
  endfacet
  facet normal -0 0 1
    outer loop
      vertex 39.797 20.513 2
      vertex 43.11 17.2 2
      vertex 40.2696 21.0888 2
    endloop
  endfacet
  facet normal -0 0 1
    outer loop
      vertex 39.2212 20.0404 2
      vertex 43.11 17.2 2
      vertex 39.797 20.513 2
    endloop
  endfacet
  facet normal -0 0 1
    outer loop
      vertex 38.5642 19.6893 2
      vertex 43.11 17.2 2
      vertex 39.2212 20.0404 2
    endloop
  endfacet
  facet normal -0 0 1
    outer loop
      vertex 37.8513 19.473 2
      vertex 43.11 17.2 2
      vertex 38.5642 19.6893 2
    endloop
  endfacet
  facet normal -0 0 1
    outer loop
      vertex 37.11 19.4 2
      vertex 43.11 17.2 2
      vertex 37.8513 19.473 2
    endloop
  endfacet
  facet normal 0 0 1
    outer loop
      vertex 31.11 17.2 2
      vertex 37.11 19.4 2
      vertex 36.3687 19.473 2
    endloop
  endfacet
  facet normal 0 0 1
    outer loop
      vertex 31.11 17.2 2
      vertex 36.3687 19.473 2
      vertex 35.6558 19.6893 2
    endloop
  endfacet
  facet normal 0 0 1
    outer loop
      vertex 31.11 17.2 2
      vertex 33.31 23.2 2
      vertex 31.11 29.2 2
    endloop
  endfacet
  facet normal 0 0 1
    outer loop
      vertex 33.31 23.2 2
      vertex 31.11 17.2 2
      vertex 33.383 22.4587 2
    endloop
  endfacet
  facet normal 0 0 1
    outer loop
      vertex 37.11 19.4 2
      vertex 31.11 17.2 2
      vertex 43.11 17.2 2
    endloop
  endfacet
  facet normal 0 0 1
    outer loop
      vertex 34.9988 20.0404 2
      vertex 31.11 17.2 2
      vertex 35.6558 19.6893 2
    endloop
  endfacet
  facet normal 0 0 1
    outer loop
      vertex 34.423 20.513 2
      vertex 31.11 17.2 2
      vertex 34.9988 20.0404 2
    endloop
  endfacet
  facet normal 0 0 1
    outer loop
      vertex 33.9504 21.0888 2
      vertex 31.11 17.2 2
      vertex 34.423 20.513 2
    endloop
  endfacet
  facet normal 0 0 1
    outer loop
      vertex 33.5993 21.7458 2
      vertex 31.11 17.2 2
      vertex 33.9504 21.0888 2
    endloop
  endfacet
  facet normal 0 0 1
    outer loop
      vertex 33.383 22.4587 2
      vertex 31.11 17.2 2
      vertex 33.5993 21.7458 2
    endloop
  endfacet
  facet normal 0 1 0
    outer loop
      vertex 72.8 2 34
      vertex 68.8 2 33
      vertex 68.8 2 34
    endloop
  endfacet
  facet normal 0 1 0
    outer loop
      vertex 68.8 2 33
      vertex 50.8 2 10.5
      vertex 6 2 33
    endloop
  endfacet
  facet normal 0 1 -0
    outer loop
      vertex 69.4 2 9.5
      vertex 68.8 2 33
      vertex 72.8 2 34
    endloop
  endfacet
  facet normal 0 1 0
    outer loop
      vertex 68.8 2 33
      vertex 69.4 2 9.5
      vertex 54.4 2 9.5
    endloop
  endfacet
  facet normal 0 1 -0
    outer loop
      vertex 72.8 2 2
      vertex 69.4 2 9.5
      vertex 72.8 2 34
    endloop
  endfacet
  facet normal 0 1 0
    outer loop
      vertex 69.4 2 7.9
      vertex 69.4 2 7.3
      vertex 54.4 2 7.9
    endloop
  endfacet
  facet normal 0 1 0
    outer loop
      vertex 69.4 2 9.5
      vertex 72.8 2 2
      vertex 69.4 2 7.9
    endloop
  endfacet
  facet normal 0 1 0
    outer loop
      vertex 69.4 2 7.9
      vertex 72.8 2 2
      vertex 69.4 2 7.3
    endloop
  endfacet
  facet normal 0 1 0
    outer loop
      vertex 69.4 2 5.7
      vertex 69.4 2 5.1
      vertex 54.4 2 5.7
    endloop
  endfacet
  facet normal 0 1 0
    outer loop
      vertex 69.4 2 7.3
      vertex 72.8 2 2
      vertex 69.4 2 5.7
    endloop
  endfacet
  facet normal 0 1 0
    outer loop
      vertex 69.4 2 5.7
      vertex 72.8 2 2
      vertex 69.4 2 5.1
    endloop
  endfacet
  facet normal 0 1 0
    outer loop
      vertex 69.4 2 3.5
      vertex 72.8 2 2
      vertex 54.4 2 3.5
    endloop
  endfacet
  facet normal 0 1 0
    outer loop
      vertex 69.4 2 5.1
      vertex 72.8 2 2
      vertex 69.4 2 3.5
    endloop
  endfacet
  facet normal 0 1 -0
    outer loop
      vertex 6 2 33
      vertex 2 2 34
      vertex 6 2 34
    endloop
  endfacet
  facet normal 0 1 0
    outer loop
      vertex 2 2 10.5
      vertex 6 2 33
      vertex 50.8 2 10.5
    endloop
  endfacet
  facet normal 0 1 0
    outer loop
      vertex 6 2 33
      vertex 2 2 10.5
      vertex 2 2 34
    endloop
  endfacet
  facet normal 0 1 0
    outer loop
      vertex 68.8 2 33
      vertex 54.4 2 9.5
      vertex 50.8 2 10.5
    endloop
  endfacet
  facet normal 0 1 -0
    outer loop
      vertex 54.4 2 7.9
      vertex 50.8 2 10.5
      vertex 54.4 2 9.5
    endloop
  endfacet
  facet normal 0 1 0
    outer loop
      vertex 54.4 2 7.3
      vertex 54.4 2 7.9
      vertex 69.4 2 7.3
    endloop
  endfacet
  facet normal 0 1 -0
    outer loop
      vertex 54.4 2 7.3
      vertex 50.8 2 10.5
      vertex 54.4 2 7.9
    endloop
  endfacet
  facet normal 0 1 -0
    outer loop
      vertex 54.4 2 5.7
      vertex 50.8 2 10.5
      vertex 54.4 2 7.3
    endloop
  endfacet
  facet normal 0 1 0
    outer loop
      vertex 54.4 2 5.1
      vertex 54.4 2 5.7
      vertex 69.4 2 5.1
    endloop
  endfacet
  facet normal 0 1 0
    outer loop
      vertex 50.8 2 2
      vertex 54.4 2 5.7
      vertex 54.4 2 5.1
    endloop
  endfacet
  facet normal 0 1 0
    outer loop
      vertex 50.8 2 2
      vertex 54.4 2 5.1
      vertex 54.4 2 3.5
    endloop
  endfacet
  facet normal 0 1 0
    outer loop
      vertex 54.4 2 5.7
      vertex 50.8 2 2
      vertex 50.8 2 10.5
    endloop
  endfacet
  facet normal 0 1 0
    outer loop
      vertex 50.8 2 2
      vertex 54.4 2 3.5
      vertex 72.8 2 2
    endloop
  endfacet
  facet normal 0 1 -0
    outer loop
      vertex 49.3 2 2
      vertex 2 2 9
      vertex 49.3 2 9
    endloop
  endfacet
  facet normal 0 1 0
    outer loop
      vertex 2 2 9
      vertex 49.3 2 2
      vertex 2 2 2
    endloop
  endfacet
  facet normal -1 0 0
    outer loop
      vertex 2.2 34.15 2
      vertex 2.2 36.65 4.7
      vertex 2.2 36.65 2
    endloop
  endfacet
  facet normal -1 -0 0
    outer loop
      vertex 2.2 36.65 4.7
      vertex 2.2 34.15 2
      vertex 2.2 34.15 4.7
    endloop
  endfacet
  facet normal -0 0 1
    outer loop
      vertex 2.2 36.65 4.7
      vertex 5.5 34.15 4.7
      vertex 5.5 36.65 4.7
    endloop
  endfacet
  facet normal 0 0 1
    outer loop
      vertex 5.5 34.15 4.7
      vertex 2.2 36.65 4.7
      vertex 2.2 34.15 4.7
    endloop
  endfacet
  facet normal 1 -0 0
    outer loop
      vertex 4.7 34.15 3.7
      vertex 4.7 36.65 2
      vertex 4.7 36.65 3.7
    endloop
  endfacet
  facet normal 1 0 0
    outer loop
      vertex 4.7 36.65 2
      vertex 4.7 34.15 3.7
      vertex 4.7 34.15 2
    endloop
  endfacet
  facet normal 0 -1 0
    outer loop
      vertex 2.2 34.15 4.7
      vertex 4.7 34.15 3.7
      vertex 5.5 34.15 4.7
    endloop
  endfacet
  facet normal 0 -1 0
    outer loop
      vertex 2.2 34.15 2
      vertex 4.7 34.15 3.7
      vertex 2.2 34.15 4.7
    endloop
  endfacet
  facet normal 0 -1 -0
    outer loop
      vertex 4.7 34.15 3.7
      vertex 2.2 34.15 2
      vertex 4.7 34.15 2
    endloop
  endfacet
  facet normal 0 -1 -0
    outer loop
      vertex 5.5 34.15 4.7
      vertex 4.7 34.15 3.7
      vertex 5.5 34.15 3.7
    endloop
  endfacet
  facet normal 0 1 0
    outer loop
      vertex 4.7 36.65 3.7
      vertex 5.5 36.65 4.7
      vertex 5.5 36.65 3.7
    endloop
  endfacet
  facet normal 0 1 0
    outer loop
      vertex 5.5 36.65 4.7
      vertex 4.7 36.65 3.7
      vertex 2.2 36.65 4.7
    endloop
  endfacet
  facet normal 0 1 0
    outer loop
      vertex 2.2 36.65 2
      vertex 4.7 36.65 3.7
      vertex 4.7 36.65 2
    endloop
  endfacet
  facet normal 0 1 0
    outer loop
      vertex 4.7 36.65 3.7
      vertex 2.2 36.65 2
      vertex 2.2 36.65 4.7
    endloop
  endfacet
  facet normal 1 -0 0
    outer loop
      vertex 5.5 34.15 4.7
      vertex 5.5 36.65 3.7
      vertex 5.5 36.65 4.7
    endloop
  endfacet
  facet normal 1 0 0
    outer loop
      vertex 5.5 36.65 3.7
      vertex 5.5 34.15 4.7
      vertex 5.5 34.15 3.7
    endloop
  endfacet
  facet normal 0 0 -1
    outer loop
      vertex 4.7 34.15 3.7
      vertex 5.5 36.65 3.7
      vertex 5.5 34.15 3.7
    endloop
  endfacet
  facet normal -0 0 -1
    outer loop
      vertex 5.5 36.65 3.7
      vertex 4.7 34.15 3.7
      vertex 4.7 36.65 3.7
    endloop
  endfacet
  facet normal -1 0 0
    outer loop
      vertex 2.2 54.35 2
      vertex 2.2 56.85 4.7
      vertex 2.2 56.85 2
    endloop
  endfacet
  facet normal -1 -0 0
    outer loop
      vertex 2.2 56.85 4.7
      vertex 2.2 54.35 2
      vertex 2.2 54.35 4.7
    endloop
  endfacet
  facet normal -0 0 1
    outer loop
      vertex 2.2 56.85 4.7
      vertex 5.5 54.35 4.7
      vertex 5.5 56.85 4.7
    endloop
  endfacet
  facet normal 0 0 1
    outer loop
      vertex 5.5 54.35 4.7
      vertex 2.2 56.85 4.7
      vertex 2.2 54.35 4.7
    endloop
  endfacet
  facet normal 1 -0 0
    outer loop
      vertex 4.7 54.35 3.7
      vertex 4.7 56.85 2
      vertex 4.7 56.85 3.7
    endloop
  endfacet
  facet normal 1 0 0
    outer loop
      vertex 4.7 56.85 2
      vertex 4.7 54.35 3.7
      vertex 4.7 54.35 2
    endloop
  endfacet
  facet normal 0 1 0
    outer loop
      vertex 4.7 56.85 3.7
      vertex 5.5 56.85 4.7
      vertex 5.5 56.85 3.7
    endloop
  endfacet
  facet normal 0 1 0
    outer loop
      vertex 5.5 56.85 4.7
      vertex 4.7 56.85 3.7
      vertex 2.2 56.85 4.7
    endloop
  endfacet
  facet normal 0 1 0
    outer loop
      vertex 2.2 56.85 2
      vertex 4.7 56.85 3.7
      vertex 4.7 56.85 2
    endloop
  endfacet
  facet normal 0 1 0
    outer loop
      vertex 4.7 56.85 3.7
      vertex 2.2 56.85 2
      vertex 2.2 56.85 4.7
    endloop
  endfacet
  facet normal 0 -1 0
    outer loop
      vertex 2.2 54.35 4.7
      vertex 4.7 54.35 3.7
      vertex 5.5 54.35 4.7
    endloop
  endfacet
  facet normal 0 -1 0
    outer loop
      vertex 2.2 54.35 2
      vertex 4.7 54.35 3.7
      vertex 2.2 54.35 4.7
    endloop
  endfacet
  facet normal 0 -1 -0
    outer loop
      vertex 4.7 54.35 3.7
      vertex 2.2 54.35 2
      vertex 4.7 54.35 2
    endloop
  endfacet
  facet normal 0 -1 -0
    outer loop
      vertex 5.5 54.35 4.7
      vertex 4.7 54.35 3.7
      vertex 5.5 54.35 3.7
    endloop
  endfacet
  facet normal 1 -0 0
    outer loop
      vertex 5.5 54.35 4.7
      vertex 5.5 56.85 3.7
      vertex 5.5 56.85 4.7
    endloop
  endfacet
  facet normal 1 0 0
    outer loop
      vertex 5.5 56.85 3.7
      vertex 5.5 54.35 4.7
      vertex 5.5 54.35 3.7
    endloop
  endfacet
  facet normal 0 0 -1
    outer loop
      vertex 4.7 54.35 3.7
      vertex 5.5 56.85 3.7
      vertex 5.5 54.35 3.7
    endloop
  endfacet
  facet normal -0 0 -1
    outer loop
      vertex 5.5 56.85 3.7
      vertex 4.7 54.35 3.7
      vertex 4.7 56.85 3.7
    endloop
  endfacet
  facet normal -1 0 0
    outer loop
      vertex 70.1 34.15 2
      vertex 70.1 36.65 3.7
      vertex 70.1 36.65 2
    endloop
  endfacet
  facet normal -1 -0 0
    outer loop
      vertex 70.1 36.65 3.7
      vertex 70.1 34.15 2
      vertex 70.1 34.15 3.7
    endloop
  endfacet
  facet normal -0 0 1
    outer loop
      vertex 69.3 36.65 4.7
      vertex 72.6 34.15 4.7
      vertex 72.6 36.65 4.7
    endloop
  endfacet
  facet normal 0 0 1
    outer loop
      vertex 72.6 34.15 4.7
      vertex 69.3 36.65 4.7
      vertex 69.3 34.15 4.7
    endloop
  endfacet
  facet normal 1 -0 0
    outer loop
      vertex 72.6 34.15 4.7
      vertex 72.6 36.65 2
      vertex 72.6 36.65 4.7
    endloop
  endfacet
  facet normal 1 0 0
    outer loop
      vertex 72.6 36.65 2
      vertex 72.6 34.15 4.7
      vertex 72.6 34.15 2
    endloop
  endfacet
  facet normal 0 -1 0
    outer loop
      vertex 70.1 34.15 3.7
      vertex 69.3 34.15 4.7
      vertex 69.3 34.15 3.7
    endloop
  endfacet
  facet normal 0 -1 0
    outer loop
      vertex 69.3 34.15 4.7
      vertex 70.1 34.15 3.7
      vertex 72.6 34.15 4.7
    endloop
  endfacet
  facet normal 0 -1 0
    outer loop
      vertex 72.6 34.15 2
      vertex 70.1 34.15 3.7
      vertex 70.1 34.15 2
    endloop
  endfacet
  facet normal 0 -1 0
    outer loop
      vertex 70.1 34.15 3.7
      vertex 72.6 34.15 2
      vertex 72.6 34.15 4.7
    endloop
  endfacet
  facet normal 0 1 0
    outer loop
      vertex 72.6 36.65 4.7
      vertex 70.1 36.65 3.7
      vertex 69.3 36.65 4.7
    endloop
  endfacet
  facet normal 0 1 -0
    outer loop
      vertex 72.6 36.65 2
      vertex 70.1 36.65 3.7
      vertex 72.6 36.65 4.7
    endloop
  endfacet
  facet normal 0 1 0
    outer loop
      vertex 70.1 36.65 3.7
      vertex 72.6 36.65 2
      vertex 70.1 36.65 2
    endloop
  endfacet
  facet normal 0 1 0
    outer loop
      vertex 69.3 36.65 4.7
      vertex 70.1 36.65 3.7
      vertex 69.3 36.65 3.7
    endloop
  endfacet
  facet normal -1 0 0
    outer loop
      vertex 69.3 34.15 3.7
      vertex 69.3 36.65 4.7
      vertex 69.3 36.65 3.7
    endloop
  endfacet
  facet normal -1 -0 0
    outer loop
      vertex 69.3 36.65 4.7
      vertex 69.3 34.15 3.7
      vertex 69.3 34.15 4.7
    endloop
  endfacet
  facet normal 0 0 -1
    outer loop
      vertex 69.3 34.15 3.7
      vertex 70.1 36.65 3.7
      vertex 70.1 34.15 3.7
    endloop
  endfacet
  facet normal -0 0 -1
    outer loop
      vertex 70.1 36.65 3.7
      vertex 69.3 34.15 3.7
      vertex 69.3 36.65 3.7
    endloop
  endfacet
  facet normal -1 0 0
    outer loop
      vertex 70.1 54.35 2
      vertex 70.1 56.85 3.7
      vertex 70.1 56.85 2
    endloop
  endfacet
  facet normal -1 -0 0
    outer loop
      vertex 70.1 56.85 3.7
      vertex 70.1 54.35 2
      vertex 70.1 54.35 3.7
    endloop
  endfacet
  facet normal -0 0 1
    outer loop
      vertex 69.3 56.85 4.7
      vertex 72.6 54.35 4.7
      vertex 72.6 56.85 4.7
    endloop
  endfacet
  facet normal 0 0 1
    outer loop
      vertex 72.6 54.35 4.7
      vertex 69.3 56.85 4.7
      vertex 69.3 54.35 4.7
    endloop
  endfacet
  facet normal 1 -0 0
    outer loop
      vertex 72.6 54.35 4.7
      vertex 72.6 56.85 2
      vertex 72.6 56.85 4.7
    endloop
  endfacet
  facet normal 1 0 0
    outer loop
      vertex 72.6 56.85 2
      vertex 72.6 54.35 4.7
      vertex 72.6 54.35 2
    endloop
  endfacet
  facet normal 0 -1 0
    outer loop
      vertex 70.1 54.35 3.7
      vertex 69.3 54.35 4.7
      vertex 69.3 54.35 3.7
    endloop
  endfacet
  facet normal 0 -1 0
    outer loop
      vertex 69.3 54.35 4.7
      vertex 70.1 54.35 3.7
      vertex 72.6 54.35 4.7
    endloop
  endfacet
  facet normal 0 -1 0
    outer loop
      vertex 72.6 54.35 2
      vertex 70.1 54.35 3.7
      vertex 70.1 54.35 2
    endloop
  endfacet
  facet normal 0 -1 0
    outer loop
      vertex 70.1 54.35 3.7
      vertex 72.6 54.35 2
      vertex 72.6 54.35 4.7
    endloop
  endfacet
  facet normal 0 1 0
    outer loop
      vertex 72.6 56.85 4.7
      vertex 70.1 56.85 3.7
      vertex 69.3 56.85 4.7
    endloop
  endfacet
  facet normal 0 1 -0
    outer loop
      vertex 72.6 56.85 2
      vertex 70.1 56.85 3.7
      vertex 72.6 56.85 4.7
    endloop
  endfacet
  facet normal 0 1 0
    outer loop
      vertex 70.1 56.85 3.7
      vertex 72.6 56.85 2
      vertex 70.1 56.85 2
    endloop
  endfacet
  facet normal 0 1 0
    outer loop
      vertex 69.3 56.85 4.7
      vertex 70.1 56.85 3.7
      vertex 69.3 56.85 3.7
    endloop
  endfacet
  facet normal -1 0 0
    outer loop
      vertex 69.3 54.35 3.7
      vertex 69.3 56.85 4.7
      vertex 69.3 56.85 3.7
    endloop
  endfacet
  facet normal -1 -0 0
    outer loop
      vertex 69.3 56.85 4.7
      vertex 69.3 54.35 3.7
      vertex 69.3 54.35 4.7
    endloop
  endfacet
  facet normal 0 0 -1
    outer loop
      vertex 69.3 54.35 3.7
      vertex 70.1 56.85 3.7
      vertex 70.1 54.35 3.7
    endloop
  endfacet
  facet normal -0 0 -1
    outer loop
      vertex 70.1 56.85 3.7
      vertex 69.3 54.35 3.7
      vertex 69.3 56.85 3.7
    endloop
  endfacet
  facet normal -1 0 0
    outer loop
      vertex 5.15 20.65 3.5
      vertex 5.15 23.15 2
      vertex 5.15 20.65 2
    endloop
  endfacet
  facet normal -1 0 0
    outer loop
      vertex 5.15 23.15 2
      vertex 5.15 20.65 3.5
      vertex 5.15 23.15 4.5
    endloop
  endfacet
  facet normal -1 0 0
    outer loop
      vertex 5.15 19.85 4.5
      vertex 5.15 20.65 3.5
      vertex 5.15 19.85 3.5
    endloop
  endfacet
  facet normal -1 0 0
    outer loop
      vertex 5.15 20.65 3.5
      vertex 5.15 19.85 4.5
      vertex 5.15 23.15 4.5
    endloop
  endfacet
  facet normal -0 0 1
    outer loop
      vertex 5.15 23.15 4.5
      vertex 7.65 19.85 4.5
      vertex 7.65 23.15 4.5
    endloop
  endfacet
  facet normal 0 0 1
    outer loop
      vertex 7.65 19.85 4.5
      vertex 5.15 23.15 4.5
      vertex 5.15 19.85 4.5
    endloop
  endfacet
  facet normal 1 0 0
    outer loop
      vertex 7.65 23.15 4.5
      vertex 7.65 20.65 3.5
      vertex 7.65 23.15 2
    endloop
  endfacet
  facet normal 1 -0 0
    outer loop
      vertex 7.65 19.85 4.5
      vertex 7.65 20.65 3.5
      vertex 7.65 23.15 4.5
    endloop
  endfacet
  facet normal 1 0 0
    outer loop
      vertex 7.65 20.65 3.5
      vertex 7.65 19.85 4.5
      vertex 7.65 19.85 3.5
    endloop
  endfacet
  facet normal 1 0 0
    outer loop
      vertex 7.65 23.15 2
      vertex 7.65 20.65 3.5
      vertex 7.65 20.65 2
    endloop
  endfacet
  facet normal 0 -1 0
    outer loop
      vertex 5.15 20.65 2
      vertex 7.65 20.65 3.5
      vertex 5.15 20.65 3.5
    endloop
  endfacet
  facet normal 0 -1 -0
    outer loop
      vertex 7.65 20.65 3.5
      vertex 5.15 20.65 2
      vertex 7.65 20.65 2
    endloop
  endfacet
  facet normal 0 1 -0
    outer loop
      vertex 7.65 23.15 2
      vertex 5.15 23.15 4.5
      vertex 7.65 23.15 4.5
    endloop
  endfacet
  facet normal 0 1 0
    outer loop
      vertex 5.15 23.15 4.5
      vertex 7.65 23.15 2
      vertex 5.15 23.15 2
    endloop
  endfacet
  facet normal 0 0 -1
    outer loop
      vertex 5.15 19.85 3.5
      vertex 7.65 20.65 3.5
      vertex 7.65 19.85 3.5
    endloop
  endfacet
  facet normal -0 0 -1
    outer loop
      vertex 7.65 20.65 3.5
      vertex 5.15 19.85 3.5
      vertex 5.15 20.65 3.5
    endloop
  endfacet
  facet normal 0 -1 0
    outer loop
      vertex 5.15 19.85 3.5
      vertex 7.65 19.85 4.5
      vertex 5.15 19.85 4.5
    endloop
  endfacet
  facet normal 0 -1 -0
    outer loop
      vertex 7.65 19.85 4.5
      vertex 5.15 19.85 3.5
      vertex 7.65 19.85 3.5
    endloop
  endfacet
  facet normal -1 0 0
    outer loop
      vertex 19.67 20.65 3.5
      vertex 19.67 23.15 2
      vertex 19.67 20.65 2
    endloop
  endfacet
  facet normal -1 0 0
    outer loop
      vertex 19.67 23.15 2
      vertex 19.67 20.65 3.5
      vertex 19.67 23.15 4.5
    endloop
  endfacet
  facet normal -1 0 0
    outer loop
      vertex 19.67 19.85 4.5
      vertex 19.67 20.65 3.5
      vertex 19.67 19.85 3.5
    endloop
  endfacet
  facet normal -1 0 0
    outer loop
      vertex 19.67 20.65 3.5
      vertex 19.67 19.85 4.5
      vertex 19.67 23.15 4.5
    endloop
  endfacet
  facet normal -0 0 1
    outer loop
      vertex 19.67 23.15 4.5
      vertex 22.17 19.85 4.5
      vertex 22.17 23.15 4.5
    endloop
  endfacet
  facet normal 0 0 1
    outer loop
      vertex 22.17 19.85 4.5
      vertex 19.67 23.15 4.5
      vertex 19.67 19.85 4.5
    endloop
  endfacet
  facet normal 1 0 0
    outer loop
      vertex 22.17 23.15 4.5
      vertex 22.17 20.65 3.5
      vertex 22.17 23.15 2
    endloop
  endfacet
  facet normal 1 -0 0
    outer loop
      vertex 22.17 19.85 4.5
      vertex 22.17 20.65 3.5
      vertex 22.17 23.15 4.5
    endloop
  endfacet
  facet normal 1 0 0
    outer loop
      vertex 22.17 20.65 3.5
      vertex 22.17 19.85 4.5
      vertex 22.17 19.85 3.5
    endloop
  endfacet
  facet normal 1 0 0
    outer loop
      vertex 22.17 23.15 2
      vertex 22.17 20.65 3.5
      vertex 22.17 20.65 2
    endloop
  endfacet
  facet normal 0 1 -0
    outer loop
      vertex 22.17 23.15 2
      vertex 19.67 23.15 4.5
      vertex 22.17 23.15 4.5
    endloop
  endfacet
  facet normal 0 1 0
    outer loop
      vertex 19.67 23.15 4.5
      vertex 22.17 23.15 2
      vertex 19.67 23.15 2
    endloop
  endfacet
  facet normal 0 -1 0
    outer loop
      vertex 19.67 20.65 2
      vertex 22.17 20.65 3.5
      vertex 19.67 20.65 3.5
    endloop
  endfacet
  facet normal 0 -1 -0
    outer loop
      vertex 22.17 20.65 3.5
      vertex 19.67 20.65 2
      vertex 22.17 20.65 2
    endloop
  endfacet
  facet normal 0 0 -1
    outer loop
      vertex 19.67 19.85 3.5
      vertex 22.17 20.65 3.5
      vertex 22.17 19.85 3.5
    endloop
  endfacet
  facet normal -0 0 -1
    outer loop
      vertex 22.17 20.65 3.5
      vertex 19.67 19.85 3.5
      vertex 19.67 20.65 3.5
    endloop
  endfacet
  facet normal 0 -1 0
    outer loop
      vertex 19.67 19.85 3.5
      vertex 22.17 19.85 4.5
      vertex 19.67 19.85 4.5
    endloop
  endfacet
  facet normal 0 -1 -0
    outer loop
      vertex 22.17 19.85 4.5
      vertex 19.67 19.85 3.5
      vertex 22.17 19.85 3.5
    endloop
  endfacet
  facet normal -1 0 0
    outer loop
      vertex 49.3 25.5 2
      vertex 49.3 23 5.5
      vertex 49.3 25.5 10.5
    endloop
  endfacet
  facet normal -1 0 0
    outer loop
      vertex 49.3 25.5 2
      vertex 49.3 17 5.5
      vertex 49.3 23 5.5
    endloop
  endfacet
  facet normal -1 0 0
    outer loop
      vertex 49.3 17 5.5
      vertex 49.3 4 9
      vertex 49.3 17 10.5
    endloop
  endfacet
  facet normal -1 0 0
    outer loop
      vertex 49.3 2 2
      vertex 49.3 17 5.5
      vertex 49.3 25.5 2
    endloop
  endfacet
  facet normal -1 -0 0
    outer loop
      vertex 49.3 17 5.5
      vertex 49.3 2 2
      vertex 49.3 4 9
    endloop
  endfacet
  facet normal -1 -0 0
    outer loop
      vertex 49.3 4 9
      vertex 49.3 2 2
      vertex 49.3 2 9
    endloop
  endfacet
  facet normal -1 -0 0
    outer loop
      vertex 49.3 25.5 10.5
      vertex 49.3 23 5.5
      vertex 49.3 23 10.5
    endloop
  endfacet
  facet normal -1 -0 0
    outer loop
      vertex 49.3 17 10.5
      vertex 49.3 4 9
      vertex 49.3 4 10.5
    endloop
  endfacet
  facet normal 0 0 1
    outer loop
      vertex 49.3 4 10.5
      vertex 50.8 17 10.5
      vertex 49.3 17 10.5
    endloop
  endfacet
  facet normal 0 0 1
    outer loop
      vertex 50.8 17 10.5
      vertex 49.3 4 10.5
      vertex 50.8 2 10.5
    endloop
  endfacet
  facet normal 0 0 1
    outer loop
      vertex 2 2 10.5
      vertex 49.3 4 10.5
      vertex 2 4 10.5
    endloop
  endfacet
  facet normal 0 0 1
    outer loop
      vertex 49.3 4 10.5
      vertex 2 2 10.5
      vertex 50.8 2 10.5
    endloop
  endfacet
  facet normal 0 0 1
    outer loop
      vertex 72.8 25.5 10.5
      vertex 50.8 24 10.5
      vertex 72.8 24 10.5
    endloop
  endfacet
  facet normal -0 0 1
    outer loop
      vertex 49.3 25.5 10.5
      vertex 50.8 24 10.5
      vertex 72.8 25.5 10.5
    endloop
  endfacet
  facet normal 0 0 1
    outer loop
      vertex 49.3 23 10.5
      vertex 50.8 24 10.5
      vertex 49.3 25.5 10.5
    endloop
  endfacet
  facet normal 0 0 1
    outer loop
      vertex 50.8 24 10.5
      vertex 49.3 23 10.5
      vertex 50.8 23 10.5
    endloop
  endfacet
  facet normal 1 0 0
    outer loop
      vertex 50.8 17 10.5
      vertex 50.8 2 10.5
      vertex 50.8 17 5.5
    endloop
  endfacet
  facet normal 1 0 0
    outer loop
      vertex 50.8 23 5.5
      vertex 50.8 24 10.5
      vertex 50.8 23 10.5
    endloop
  endfacet
  facet normal 1 0 0
    outer loop
      vertex 50.8 24 10.5
      vertex 50.8 23 5.5
      vertex 50.8 24 2
    endloop
  endfacet
  facet normal 1 -0 0
    outer loop
      vertex 50.8 17 5.5
      vertex 50.8 24 2
      vertex 50.8 23 5.5
    endloop
  endfacet
  facet normal 1 0 0
    outer loop
      vertex 50.8 2 2
      vertex 50.8 17 5.5
      vertex 50.8 2 10.5
    endloop
  endfacet
  facet normal 1 0 0
    outer loop
      vertex 50.8 17 5.5
      vertex 50.8 2 2
      vertex 50.8 24 2
    endloop
  endfacet
  facet normal 0 1 -0
    outer loop
      vertex 72.8 25.5 2
      vertex 49.3 25.5 10.5
      vertex 72.8 25.5 10.5
    endloop
  endfacet
  facet normal 0 1 0
    outer loop
      vertex 49.3 25.5 10.5
      vertex 72.8 25.5 2
      vertex 49.3 25.5 2
    endloop
  endfacet
  facet normal 0 -1 0
    outer loop
      vertex 50.8 24 2
      vertex 72.8 24 10.5
      vertex 50.8 24 10.5
    endloop
  endfacet
  facet normal 0 -1 -0
    outer loop
      vertex 72.8 24 10.5
      vertex 50.8 24 2
      vertex 72.8 24 2
    endloop
  endfacet
  facet normal -0 0 1
    outer loop
      vertex 49.3 23 5.5
      vertex 50.8 17 5.5
      vertex 50.8 23 5.5
    endloop
  endfacet
  facet normal 0 0 1
    outer loop
      vertex 50.8 17 5.5
      vertex 49.3 23 5.5
      vertex 49.3 17 5.5
    endloop
  endfacet
  facet normal 0 1 -0
    outer loop
      vertex 50.8 17 5.5
      vertex 49.3 17 10.5
      vertex 50.8 17 10.5
    endloop
  endfacet
  facet normal 0 1 0
    outer loop
      vertex 49.3 17 10.5
      vertex 50.8 17 5.5
      vertex 49.3 17 5.5
    endloop
  endfacet
  facet normal 0 -1 0
    outer loop
      vertex 49.3 23 5.5
      vertex 50.8 23 10.5
      vertex 49.3 23 10.5
    endloop
  endfacet
  facet normal 0 -1 -0
    outer loop
      vertex 50.8 23 10.5
      vertex 49.3 23 5.5
      vertex 50.8 23 5.5
    endloop
  endfacet
  facet normal -1 0 0
    outer loop
      vertex 29.91 2 2
      vertex 29.91 30.4 8.1
      vertex 29.91 30.4 2
    endloop
  endfacet
  facet normal -1 -0 0
    outer loop
      vertex 29.91 30.4 8.1
      vertex 29.91 2 2
      vertex 29.91 2 8.1
    endloop
  endfacet
  facet normal -0 0 1
    outer loop
      vertex 31.11 18 8.1
      vertex 43.11 14.4 8.1
      vertex 43.11 18 8.1
    endloop
  endfacet
  facet normal 0 0 1
    outer loop
      vertex 43.11 14.4 8.1
      vertex 31.11 18 8.1
      vertex 31.11 14.4 8.1
    endloop
  endfacet
  facet normal 0 0 1
    outer loop
      vertex 43.11 18 8.1
      vertex 44.31 30.4 8.1
      vertex 43.11 28.4 8.1
    endloop
  endfacet
  facet normal 0 0 1
    outer loop
      vertex 44.31 30.4 8.1
      vertex 31.11 28.4 8.1
      vertex 43.11 28.4 8.1
    endloop
  endfacet
  facet normal 0 0 1
    outer loop
      vertex 29.91 30.4 8.1
      vertex 31.11 18 8.1
      vertex 31.11 28.4 8.1
    endloop
  endfacet
  facet normal 0 0 1
    outer loop
      vertex 31.11 18 8.1
      vertex 29.91 30.4 8.1
      vertex 31.11 14.4 8.1
    endloop
  endfacet
  facet normal 0 0 1
    outer loop
      vertex 29.91 2 8.1
      vertex 31.11 14.4 8.1
      vertex 29.91 30.4 8.1
    endloop
  endfacet
  facet normal -0 0 1
    outer loop
      vertex 29.91 30.4 8.1
      vertex 31.11 28.4 8.1
      vertex 44.31 30.4 8.1
    endloop
  endfacet
  facet normal 0 0 1
    outer loop
      vertex 44.31 30.4 8.1
      vertex 43.11 18 8.1
      vertex 44.31 2 8.1
    endloop
  endfacet
  facet normal -0 0 1
    outer loop
      vertex 43.11 14.4 8.1
      vertex 44.31 2 8.1
      vertex 43.11 18 8.1
    endloop
  endfacet
  facet normal -0 0 1
    outer loop
      vertex 43.11 4 8.1
      vertex 44.31 2 8.1
      vertex 43.11 14.4 8.1
    endloop
  endfacet
  facet normal -0 0 1
    outer loop
      vertex 31.11 4 8.1
      vertex 44.31 2 8.1
      vertex 43.11 4 8.1
    endloop
  endfacet
  facet normal 0 0 1
    outer loop
      vertex 31.11 4 8.1
      vertex 29.91 2 8.1
      vertex 44.31 2 8.1
    endloop
  endfacet
  facet normal 0 0 1
    outer loop
      vertex 31.11 14.4 8.1
      vertex 29.91 2 8.1
      vertex 31.11 4 8.1
    endloop
  endfacet
  facet normal 1 -0 0
    outer loop
      vertex 44.31 2 8.1
      vertex 44.31 30.4 2
      vertex 44.31 30.4 8.1
    endloop
  endfacet
  facet normal 1 0 0
    outer loop
      vertex 44.31 30.4 2
      vertex 44.31 2 8.1
      vertex 44.31 2 2
    endloop
  endfacet
  facet normal 0 -1 0
    outer loop
      vertex 29.91 2 2
      vertex 44.31 2 8.1
      vertex 29.91 2 8.1
    endloop
  endfacet
  facet normal 0 -1 -0
    outer loop
      vertex 44.31 2 8.1
      vertex 29.91 2 2
      vertex 44.31 2 2
    endloop
  endfacet
  facet normal 1 0 0
    outer loop
      vertex 31.11 14.4 8.1
      vertex 31.11 4 8.1
      vertex 31.11 14.4 7.1
    endloop
  endfacet
  facet normal 1 -0 0
    outer loop
      vertex 31.11 14.4 7.1
      vertex 31.11 15.2 2
      vertex 31.11 15.2 7.1
    endloop
  endfacet
  facet normal 1 0 0
    outer loop
      vertex 31.11 4 7.1
      vertex 31.11 14.4 7.1
      vertex 31.11 4 8.1
    endloop
  endfacet
  facet normal 1 0 0
    outer loop
      vertex 31.11 14.4 7.1
      vertex 31.11 4 7.1
      vertex 31.11 15.2 2
    endloop
  endfacet
  facet normal 1 0 0
    outer loop
      vertex 31.11 3.2 2
      vertex 31.11 4 7.1
      vertex 31.11 3.2 7.1
    endloop
  endfacet
  facet normal 1 0 0
    outer loop
      vertex 31.11 4 7.1
      vertex 31.11 3.2 2
      vertex 31.11 15.2 2
    endloop
  endfacet
  facet normal -1 0 0
    outer loop
      vertex 43.11 15.2 2
      vertex 43.11 14.4 7.1
      vertex 43.11 15.2 7.1
    endloop
  endfacet
  facet normal -1 0 0
    outer loop
      vertex 43.11 14.4 7.1
      vertex 43.11 4 7.1
      vertex 43.11 14.4 8.1
    endloop
  endfacet
  facet normal -1 0 0
    outer loop
      vertex 43.11 15.2 2
      vertex 43.11 4 7.1
      vertex 43.11 14.4 7.1
    endloop
  endfacet
  facet normal -1 0 0
    outer loop
      vertex 43.11 3.2 2
      vertex 43.11 4 7.1
      vertex 43.11 15.2 2
    endloop
  endfacet
  facet normal -1 -0 0
    outer loop
      vertex 43.11 4 7.1
      vertex 43.11 3.2 2
      vertex 43.11 3.2 7.1
    endloop
  endfacet
  facet normal -1 -0 0
    outer loop
      vertex 43.11 14.4 8.1
      vertex 43.11 4 7.1
      vertex 43.11 4 8.1
    endloop
  endfacet
  facet normal 0 1 -0
    outer loop
      vertex 43.11 3.2 2
      vertex 31.11 3.2 7.1
      vertex 43.11 3.2 7.1
    endloop
  endfacet
  facet normal 0 1 0
    outer loop
      vertex 31.11 3.2 7.1
      vertex 43.11 3.2 2
      vertex 31.11 3.2 2
    endloop
  endfacet
  facet normal 0 -1 0
    outer loop
      vertex 31.11 15.2 2
      vertex 43.11 15.2 7.1
      vertex 31.11 15.2 7.1
    endloop
  endfacet
  facet normal 0 -1 -0
    outer loop
      vertex 43.11 15.2 7.1
      vertex 31.11 15.2 2
      vertex 43.11 15.2 2
    endloop
  endfacet
  facet normal 0 0 -1
    outer loop
      vertex 31.11 14.4 7.1
      vertex 43.11 15.2 7.1
      vertex 43.11 14.4 7.1
    endloop
  endfacet
  facet normal -0 0 -1
    outer loop
      vertex 43.11 15.2 7.1
      vertex 31.11 14.4 7.1
      vertex 31.11 15.2 7.1
    endloop
  endfacet
  facet normal 0 -1 0
    outer loop
      vertex 31.11 14.4 7.1
      vertex 43.11 14.4 8.1
      vertex 31.11 14.4 8.1
    endloop
  endfacet
  facet normal 0 -1 -0
    outer loop
      vertex 43.11 14.4 8.1
      vertex 31.11 14.4 7.1
      vertex 43.11 14.4 7.1
    endloop
  endfacet
  facet normal 0 0 -1
    outer loop
      vertex 31.11 3.2 7.1
      vertex 43.11 4 7.1
      vertex 43.11 3.2 7.1
    endloop
  endfacet
  facet normal -0 0 -1
    outer loop
      vertex 43.11 4 7.1
      vertex 31.11 3.2 7.1
      vertex 31.11 4 7.1
    endloop
  endfacet
  facet normal 0 1 -0
    outer loop
      vertex 43.11 4 7.1
      vertex 31.11 4 8.1
      vertex 43.11 4 8.1
    endloop
  endfacet
  facet normal 0 1 0
    outer loop
      vertex 31.11 4 8.1
      vertex 43.11 4 7.1
      vertex 31.11 4 7.1
    endloop
  endfacet
  facet normal 0 1 -0
    outer loop
      vertex 44.31 30.4 2
      vertex 29.91 30.4 8.1
      vertex 44.31 30.4 8.1
    endloop
  endfacet
  facet normal 0 1 0
    outer loop
      vertex 29.91 30.4 8.1
      vertex 44.31 30.4 2
      vertex 29.91 30.4 2
    endloop
  endfacet
  facet normal 1 0 0
    outer loop
      vertex 31.11 28.4 8.1
      vertex 31.11 18 8.1
      vertex 31.11 28.4 7.1
    endloop
  endfacet
  facet normal 1 -0 0
    outer loop
      vertex 31.11 28.4 7.1
      vertex 31.11 29.2 2
      vertex 31.11 29.2 7.1
    endloop
  endfacet
  facet normal 1 0 0
    outer loop
      vertex 31.11 18 7.1
      vertex 31.11 28.4 7.1
      vertex 31.11 18 8.1
    endloop
  endfacet
  facet normal 1 0 0
    outer loop
      vertex 31.11 28.4 7.1
      vertex 31.11 18 7.1
      vertex 31.11 29.2 2
    endloop
  endfacet
  facet normal 1 0 0
    outer loop
      vertex 31.11 17.2 2
      vertex 31.11 18 7.1
      vertex 31.11 17.2 7.1
    endloop
  endfacet
  facet normal 1 0 0
    outer loop
      vertex 31.11 18 7.1
      vertex 31.11 17.2 2
      vertex 31.11 29.2 2
    endloop
  endfacet
  facet normal -1 0 0
    outer loop
      vertex 43.11 29.2 2
      vertex 43.11 28.4 7.1
      vertex 43.11 29.2 7.1
    endloop
  endfacet
  facet normal -1 0 0
    outer loop
      vertex 43.11 28.4 7.1
      vertex 43.11 18 7.1
      vertex 43.11 28.4 8.1
    endloop
  endfacet
  facet normal -1 0 0
    outer loop
      vertex 43.11 29.2 2
      vertex 43.11 18 7.1
      vertex 43.11 28.4 7.1
    endloop
  endfacet
  facet normal -1 0 0
    outer loop
      vertex 43.11 17.2 2
      vertex 43.11 18 7.1
      vertex 43.11 29.2 2
    endloop
  endfacet
  facet normal -1 -0 0
    outer loop
      vertex 43.11 18 7.1
      vertex 43.11 17.2 2
      vertex 43.11 17.2 7.1
    endloop
  endfacet
  facet normal -1 -0 0
    outer loop
      vertex 43.11 28.4 8.1
      vertex 43.11 18 7.1
      vertex 43.11 18 8.1
    endloop
  endfacet
  facet normal 0 1 -0
    outer loop
      vertex 43.11 17.2 2
      vertex 31.11 17.2 7.1
      vertex 43.11 17.2 7.1
    endloop
  endfacet
  facet normal 0 1 0
    outer loop
      vertex 31.11 17.2 7.1
      vertex 43.11 17.2 2
      vertex 31.11 17.2 2
    endloop
  endfacet
  facet normal 0 -1 0
    outer loop
      vertex 31.11 29.2 2
      vertex 43.11 29.2 7.1
      vertex 31.11 29.2 7.1
    endloop
  endfacet
  facet normal 0 -1 -0
    outer loop
      vertex 43.11 29.2 7.1
      vertex 31.11 29.2 2
      vertex 43.11 29.2 2
    endloop
  endfacet
  facet normal 0 0 -1
    outer loop
      vertex 31.11 28.4 7.1
      vertex 43.11 29.2 7.1
      vertex 43.11 28.4 7.1
    endloop
  endfacet
  facet normal -0 0 -1
    outer loop
      vertex 43.11 29.2 7.1
      vertex 31.11 28.4 7.1
      vertex 31.11 29.2 7.1
    endloop
  endfacet
  facet normal 0 -1 0
    outer loop
      vertex 31.11 28.4 7.1
      vertex 43.11 28.4 8.1
      vertex 31.11 28.4 8.1
    endloop
  endfacet
  facet normal 0 -1 -0
    outer loop
      vertex 43.11 28.4 8.1
      vertex 31.11 28.4 7.1
      vertex 43.11 28.4 7.1
    endloop
  endfacet
  facet normal 0 1 -0
    outer loop
      vertex 43.11 18 7.1
      vertex 31.11 18 8.1
      vertex 43.11 18 8.1
    endloop
  endfacet
  facet normal 0 1 0
    outer loop
      vertex 31.11 18 8.1
      vertex 43.11 18 7.1
      vertex 31.11 18 7.1
    endloop
  endfacet
  facet normal 0 0 -1
    outer loop
      vertex 31.11 17.2 7.1
      vertex 43.11 18 7.1
      vertex 43.11 17.2 7.1
    endloop
  endfacet
  facet normal -0 0 -1
    outer loop
      vertex 43.11 18 7.1
      vertex 31.11 17.2 7.1
      vertex 31.11 18 7.1
    endloop
  endfacet
  facet normal -0 0 1
    outer loop
      vertex 2 61 10.5
      vertex 72.8 59 10.5
      vertex 72.8 61 10.5
    endloop
  endfacet
  facet normal 0 0 1
    outer loop
      vertex 72.8 59 10.5
      vertex 2 61 10.5
      vertex 2 59 10.5
    endloop
  endfacet
  facet normal 0 0 -1
    outer loop
      vertex 2 59 9
      vertex 72.8 61 9
      vertex 72.8 59 9
    endloop
  endfacet
  facet normal -0 0 -1
    outer loop
      vertex 72.8 61 9
      vertex 2 59 9
      vertex 2 61 9
    endloop
  endfacet
  facet normal 0 -1 0
    outer loop
      vertex 2 59 9
      vertex 72.8 59 10.5
      vertex 2 59 10.5
    endloop
  endfacet
  facet normal 0 -1 -0
    outer loop
      vertex 72.8 59 10.5
      vertex 2 59 9
      vertex 72.8 59 9
    endloop
  endfacet
  facet normal 0 1 -0
    outer loop
      vertex 49.3 4 9
      vertex 2 4 10.5
      vertex 49.3 4 10.5
    endloop
  endfacet
  facet normal 0 1 0
    outer loop
      vertex 2 4 10.5
      vertex 49.3 4 9
      vertex 2 4 9
    endloop
  endfacet
  facet normal 0 0 -1
    outer loop
      vertex 2 2 9
      vertex 49.3 4 9
      vertex 49.3 2 9
    endloop
  endfacet
  facet normal -0 0 -1
    outer loop
      vertex 49.3 4 9
      vertex 2 2 9
      vertex 2 4 9
    endloop
  endfacet
  facet normal -1 0 0
    outer loop
      vertex 16.4 59.8 27.5
      vertex 16.4 61 29
      vertex 16.4 61 27.5
    endloop
  endfacet
  facet normal -1 -0 0
    outer loop
      vertex 16.4 61 29
      vertex 16.4 59.8 27.5
      vertex 16.4 59.8 29
    endloop
  endfacet
  facet normal -0 0 1
    outer loop
      vertex 16.4 61 29
      vertex 26.4 59.8 29
      vertex 26.4 61 29
    endloop
  endfacet
  facet normal 0 0 1
    outer loop
      vertex 26.4 59.8 29
      vertex 16.4 61 29
      vertex 16.4 59.8 29
    endloop
  endfacet
  facet normal 1 -0 0
    outer loop
      vertex 26.4 59.8 29
      vertex 26.4 61 27.5
      vertex 26.4 61 29
    endloop
  endfacet
  facet normal 1 0 0
    outer loop
      vertex 26.4 61 27.5
      vertex 26.4 59.8 29
      vertex 26.4 59.8 27.5
    endloop
  endfacet
  facet normal 0 0 -1
    outer loop
      vertex 16.4 59.8 27.5
      vertex 26.4 61 27.5
      vertex 26.4 59.8 27.5
    endloop
  endfacet
  facet normal -0 0 -1
    outer loop
      vertex 26.4 61 27.5
      vertex 16.4 59.8 27.5
      vertex 16.4 61 27.5
    endloop
  endfacet
  facet normal 0 -1 0
    outer loop
      vertex 16.4 59.8 27.5
      vertex 26.4 59.8 29
      vertex 16.4 59.8 29
    endloop
  endfacet
  facet normal 0 -1 -0
    outer loop
      vertex 26.4 59.8 29
      vertex 16.4 59.8 27.5
      vertex 26.4 59.8 27.5
    endloop
  endfacet
  facet normal -1 0 0
    outer loop
      vertex 48.4 59.8 27.5
      vertex 48.4 61 29
      vertex 48.4 61 27.5
    endloop
  endfacet
  facet normal -1 -0 0
    outer loop
      vertex 48.4 61 29
      vertex 48.4 59.8 27.5
      vertex 48.4 59.8 29
    endloop
  endfacet
  facet normal -0 0 1
    outer loop
      vertex 48.4 61 29
      vertex 58.4 59.8 29
      vertex 58.4 61 29
    endloop
  endfacet
  facet normal 0 0 1
    outer loop
      vertex 58.4 59.8 29
      vertex 48.4 61 29
      vertex 48.4 59.8 29
    endloop
  endfacet
  facet normal 1 -0 0
    outer loop
      vertex 58.4 59.8 29
      vertex 58.4 61 27.5
      vertex 58.4 61 29
    endloop
  endfacet
  facet normal 1 0 0
    outer loop
      vertex 58.4 61 27.5
      vertex 58.4 59.8 29
      vertex 58.4 59.8 27.5
    endloop
  endfacet
  facet normal 0 0 -1
    outer loop
      vertex 48.4 59.8 27.5
      vertex 58.4 61 27.5
      vertex 58.4 59.8 27.5
    endloop
  endfacet
  facet normal -0 0 -1
    outer loop
      vertex 58.4 61 27.5
      vertex 48.4 59.8 27.5
      vertex 48.4 61 27.5
    endloop
  endfacet
  facet normal 0 -1 0
    outer loop
      vertex 48.4 59.8 27.5
      vertex 58.4 59.8 29
      vertex 48.4 59.8 29
    endloop
  endfacet
  facet normal 0 -1 -0
    outer loop
      vertex 58.4 59.8 29
      vertex 48.4 59.8 27.5
      vertex 58.4 59.8 27.5
    endloop
  endfacet
  facet normal -1 0 0
    outer loop
      vertex 6 2 33
      vertex 6 4 34
      vertex 6 4 33
    endloop
  endfacet
  facet normal -1 -0 0
    outer loop
      vertex 6 4 34
      vertex 6 2 33
      vertex 6 2 34
    endloop
  endfacet
  facet normal 1 -0 0
    outer loop
      vertex 68.8 2 34
      vertex 68.8 4 33
      vertex 68.8 4 34
    endloop
  endfacet
  facet normal 1 0 0
    outer loop
      vertex 68.8 4 33
      vertex 68.8 2 34
      vertex 68.8 2 33
    endloop
  endfacet
  facet normal 0 1 -0
    outer loop
      vertex 68.8 4 33
      vertex 6 4 34
      vertex 68.8 4 34
    endloop
  endfacet
  facet normal 0 1 0
    outer loop
      vertex 6 4 34
      vertex 68.8 4 33
      vertex 6 4 33
    endloop
  endfacet
  facet normal 0 0 -1
    outer loop
      vertex 6 2 33
      vertex 68.8 4 33
      vertex 68.8 2 33
    endloop
  endfacet
  facet normal -0 0 -1
    outer loop
      vertex 68.8 4 33
      vertex 6 2 33
      vertex 6 4 33
    endloop
  endfacet
  facet normal -0.881962 -0.47132 0
    outer loop
      vertex 40.6207 10.6542 0
      vertex 40.2696 11.3112 2
      vertex 40.2696 11.3112 0
    endloop
  endfacet
  facet normal -0.881962 -0.47132 0
    outer loop
      vertex 40.2696 11.3112 2
      vertex 40.6207 10.6542 0
      vertex 40.6207 10.6542 2
    endloop
  endfacet
  facet normal -0.772975 -0.634436 0
    outer loop
      vertex 40.2696 11.3112 0
      vertex 39.797 11.887 2
      vertex 39.797 11.887 0
    endloop
  endfacet
  facet normal -0.772975 -0.634436 0
    outer loop
      vertex 39.797 11.887 2
      vertex 40.2696 11.3112 0
      vertex 40.2696 11.3112 2
    endloop
  endfacet
  facet normal -0.0980016 -0.995186 0
    outer loop
      vertex 37.11 13 0
      vertex 37.8513 12.927 2
      vertex 37.11 13 2
    endloop
  endfacet
  facet normal -0.0980016 -0.995186 -0
    outer loop
      vertex 37.8513 12.927 2
      vertex 37.11 13 0
      vertex 37.8513 12.927 0
    endloop
  endfacet
  facet normal -0.290339 -0.956924 0
    outer loop
      vertex 37.8513 12.927 0
      vertex 38.5642 12.7107 2
      vertex 37.8513 12.927 2
    endloop
  endfacet
  facet normal -0.290339 -0.956924 -0
    outer loop
      vertex 38.5642 12.7107 2
      vertex 37.8513 12.927 0
      vertex 38.5642 12.7107 0
    endloop
  endfacet
  facet normal 0.47132 -0.881962 0
    outer loop
      vertex 34.9988 12.3596 0
      vertex 35.6558 12.7107 2
      vertex 34.9988 12.3596 2
    endloop
  endfacet
  facet normal 0.47132 -0.881962 0
    outer loop
      vertex 35.6558 12.7107 2
      vertex 34.9988 12.3596 0
      vertex 35.6558 12.7107 0
    endloop
  endfacet
  facet normal 0.956919 -0.290354 0
    outer loop
      vertex 33.383 9.94134 2
      vertex 33.5993 10.6542 0
      vertex 33.5993 10.6542 2
    endloop
  endfacet
  facet normal 0.956919 -0.290354 0
    outer loop
      vertex 33.5993 10.6542 0
      vertex 33.383 9.94134 2
      vertex 33.383 9.94134 0
    endloop
  endfacet
  facet normal -0.995187 0.0979964 0
    outer loop
      vertex 40.837 8.45866 0
      vertex 40.91 9.2 2
      vertex 40.91 9.2 0
    endloop
  endfacet
  facet normal -0.995187 0.0979964 0
    outer loop
      vertex 40.91 9.2 2
      vertex 40.837 8.45866 0
      vertex 40.837 8.45866 2
    endloop
  endfacet
  facet normal -0.290265 0.956946 0
    outer loop
      vertex 38.5642 5.68926 0
      vertex 37.8513 5.47302 2
      vertex 38.5642 5.68926 2
    endloop
  endfacet
  facet normal -0.290265 0.956946 0
    outer loop
      vertex 37.8513 5.47302 2
      vertex 38.5642 5.68926 0
      vertex 37.8513 5.47302 0
    endloop
  endfacet
  facet normal -0.956919 -0.290354 0
    outer loop
      vertex 40.837 9.94134 0
      vertex 40.6207 10.6542 2
      vertex 40.6207 10.6542 0
    endloop
  endfacet
  facet normal -0.956919 -0.290354 0
    outer loop
      vertex 40.6207 10.6542 2
      vertex 40.837 9.94134 0
      vertex 40.837 9.94134 2
    endloop
  endfacet
  facet normal -0.634436 -0.772975 0
    outer loop
      vertex 39.2212 12.3596 0
      vertex 39.797 11.887 2
      vertex 39.2212 12.3596 2
    endloop
  endfacet
  facet normal -0.634436 -0.772975 -0
    outer loop
      vertex 39.797 11.887 2
      vertex 39.2212 12.3596 0
      vertex 39.797 11.887 0
    endloop
  endfacet
  facet normal 0.0980016 -0.995186 0
    outer loop
      vertex 36.3687 12.927 0
      vertex 37.11 13 2
      vertex 36.3687 12.927 2
    endloop
  endfacet
  facet normal 0.0980016 -0.995186 0
    outer loop
      vertex 37.11 13 2
      vertex 36.3687 12.927 0
      vertex 37.11 13 0
    endloop
  endfacet
  facet normal -0.47132 -0.881962 0
    outer loop
      vertex 38.5642 12.7107 0
      vertex 39.2212 12.3596 2
      vertex 38.5642 12.7107 2
    endloop
  endfacet
  facet normal -0.47132 -0.881962 -0
    outer loop
      vertex 39.2212 12.3596 2
      vertex 38.5642 12.7107 0
      vertex 39.2212 12.3596 0
    endloop
  endfacet
  facet normal 0.995187 0.0979964 0
    outer loop
      vertex 33.383 8.45866 2
      vertex 33.31 9.2 0
      vertex 33.31 9.2 2
    endloop
  endfacet
  facet normal 0.995187 0.0979964 0
    outer loop
      vertex 33.31 9.2 0
      vertex 33.383 8.45866 2
      vertex 33.383 8.45866 0
    endloop
  endfacet
  facet normal 0.881962 -0.47132 0
    outer loop
      vertex 33.5993 10.6542 2
      vertex 33.9504 11.3112 0
      vertex 33.9504 11.3112 2
    endloop
  endfacet
  facet normal 0.881962 -0.47132 0
    outer loop
      vertex 33.9504 11.3112 0
      vertex 33.5993 10.6542 2
      vertex 33.5993 10.6542 0
    endloop
  endfacet
  facet normal 0.634436 -0.772975 0
    outer loop
      vertex 34.423 11.887 0
      vertex 34.9988 12.3596 2
      vertex 34.423 11.887 2
    endloop
  endfacet
  facet normal 0.634436 -0.772975 0
    outer loop
      vertex 34.9988 12.3596 2
      vertex 34.423 11.887 0
      vertex 34.9988 12.3596 0
    endloop
  endfacet
  facet normal 0.290339 -0.956924 0
    outer loop
      vertex 35.6558 12.7107 0
      vertex 36.3687 12.927 2
      vertex 35.6558 12.7107 2
    endloop
  endfacet
  facet normal 0.290339 -0.956924 0
    outer loop
      vertex 36.3687 12.927 2
      vertex 35.6558 12.7107 0
      vertex 36.3687 12.927 0
    endloop
  endfacet
  facet normal 0.772975 -0.634436 0
    outer loop
      vertex 33.9504 11.3112 2
      vertex 34.423 11.887 0
      vertex 34.423 11.887 2
    endloop
  endfacet
  facet normal 0.772975 -0.634436 0
    outer loop
      vertex 34.423 11.887 0
      vertex 33.9504 11.3112 2
      vertex 33.9504 11.3112 0
    endloop
  endfacet
  facet normal -0.995187 -0.0979964 0
    outer loop
      vertex 40.91 9.2 0
      vertex 40.837 9.94134 2
      vertex 40.837 9.94134 0
    endloop
  endfacet
  facet normal -0.995187 -0.0979964 0
    outer loop
      vertex 40.837 9.94134 2
      vertex 40.91 9.2 0
      vertex 40.91 9.2 2
    endloop
  endfacet
  facet normal -0.63442 0.772989 0
    outer loop
      vertex 39.797 6.51299 0
      vertex 39.2212 6.04041 2
      vertex 39.797 6.51299 2
    endloop
  endfacet
  facet normal -0.63442 0.772989 0
    outer loop
      vertex 39.2212 6.04041 2
      vertex 39.797 6.51299 0
      vertex 39.2212 6.04041 0
    endloop
  endfacet
  facet normal -0.956919 0.290354 0
    outer loop
      vertex 40.6207 7.7458 0
      vertex 40.837 8.45866 2
      vertex 40.837 8.45866 0
    endloop
  endfacet
  facet normal -0.956919 0.290354 0
    outer loop
      vertex 40.837 8.45866 2
      vertex 40.6207 7.7458 0
      vertex 40.6207 7.7458 2
    endloop
  endfacet
  facet normal 0.471372 0.881935 -0
    outer loop
      vertex 35.6558 5.68926 0
      vertex 34.9988 6.04041 2
      vertex 35.6558 5.68926 2
    endloop
  endfacet
  facet normal 0.471372 0.881935 0
    outer loop
      vertex 34.9988 6.04041 2
      vertex 35.6558 5.68926 0
      vertex 34.9988 6.04041 0
    endloop
  endfacet
  facet normal 0.772997 0.63441 0
    outer loop
      vertex 34.423 6.51299 2
      vertex 33.9504 7.08883 0
      vertex 33.9504 7.08883 2
    endloop
  endfacet
  facet normal 0.772997 0.63441 0
    outer loop
      vertex 33.9504 7.08883 0
      vertex 34.423 6.51299 2
      vertex 34.423 6.51299 0
    endloop
  endfacet
  facet normal 0.995187 -0.0979964 0
    outer loop
      vertex 33.31 9.2 2
      vertex 33.383 9.94134 0
      vertex 33.383 9.94134 2
    endloop
  endfacet
  facet normal 0.995187 -0.0979964 0
    outer loop
      vertex 33.383 9.94134 0
      vertex 33.31 9.2 2
      vertex 33.31 9.2 0
    endloop
  endfacet
  facet normal -0.881954 0.471336 0
    outer loop
      vertex 40.2696 7.08883 0
      vertex 40.6207 7.7458 2
      vertex 40.6207 7.7458 0
    endloop
  endfacet
  facet normal -0.881954 0.471336 0
    outer loop
      vertex 40.6207 7.7458 2
      vertex 40.2696 7.08883 0
      vertex 40.2696 7.08883 2
    endloop
  endfacet
  facet normal -0.0980282 0.995184 0
    outer loop
      vertex 37.8513 5.47302 0
      vertex 37.11 5.4 2
      vertex 37.8513 5.47302 2
    endloop
  endfacet
  facet normal -0.0980282 0.995184 0
    outer loop
      vertex 37.11 5.4 2
      vertex 37.8513 5.47302 0
      vertex 37.11 5.4 0
    endloop
  endfacet
  facet normal 0.956919 0.290354 0
    outer loop
      vertex 33.5993 7.7458 2
      vertex 33.383 8.45866 0
      vertex 33.383 8.45866 2
    endloop
  endfacet
  facet normal 0.956919 0.290354 0
    outer loop
      vertex 33.383 8.45866 0
      vertex 33.5993 7.7458 2
      vertex 33.5993 7.7458 0
    endloop
  endfacet
  facet normal 0.63442 0.772989 -0
    outer loop
      vertex 34.9988 6.04041 0
      vertex 34.423 6.51299 2
      vertex 34.9988 6.04041 2
    endloop
  endfacet
  facet normal 0.63442 0.772989 0
    outer loop
      vertex 34.423 6.51299 2
      vertex 34.9988 6.04041 0
      vertex 34.423 6.51299 0
    endloop
  endfacet
  facet normal -0.471372 0.881935 0
    outer loop
      vertex 39.2212 6.04041 0
      vertex 38.5642 5.68926 2
      vertex 39.2212 6.04041 2
    endloop
  endfacet
  facet normal -0.471372 0.881935 0
    outer loop
      vertex 38.5642 5.68926 2
      vertex 39.2212 6.04041 0
      vertex 38.5642 5.68926 0
    endloop
  endfacet
  facet normal -0.772997 0.63441 0
    outer loop
      vertex 39.797 6.51299 0
      vertex 40.2696 7.08883 2
      vertex 40.2696 7.08883 0
    endloop
  endfacet
  facet normal -0.772997 0.63441 0
    outer loop
      vertex 40.2696 7.08883 2
      vertex 39.797 6.51299 0
      vertex 39.797 6.51299 2
    endloop
  endfacet
  facet normal 0.0980282 0.995184 -0
    outer loop
      vertex 37.11 5.4 0
      vertex 36.3687 5.47302 2
      vertex 37.11 5.4 2
    endloop
  endfacet
  facet normal 0.0980282 0.995184 0
    outer loop
      vertex 36.3687 5.47302 2
      vertex 37.11 5.4 0
      vertex 36.3687 5.47302 0
    endloop
  endfacet
  facet normal 0.881954 0.471336 0
    outer loop
      vertex 33.9504 7.08883 2
      vertex 33.5993 7.7458 0
      vertex 33.5993 7.7458 2
    endloop
  endfacet
  facet normal 0.881954 0.471336 0
    outer loop
      vertex 33.5993 7.7458 0
      vertex 33.9504 7.08883 2
      vertex 33.9504 7.08883 0
    endloop
  endfacet
  facet normal 0.290265 0.956946 -0
    outer loop
      vertex 36.3687 5.47302 0
      vertex 35.6558 5.68926 2
      vertex 36.3687 5.47302 2
    endloop
  endfacet
  facet normal 0.290265 0.956946 0
    outer loop
      vertex 35.6558 5.68926 2
      vertex 36.3687 5.47302 0
      vertex 35.6558 5.68926 0
    endloop
  endfacet
  facet normal -0.995186 -0.0980016 0
    outer loop
      vertex 40.91 23.2 0
      vertex 40.837 23.9413 2
      vertex 40.837 23.9413 0
    endloop
  endfacet
  facet normal -0.995186 -0.0980016 0
    outer loop
      vertex 40.837 23.9413 2
      vertex 40.91 23.2 0
      vertex 40.91 23.2 2
    endloop
  endfacet
  facet normal 0.0980016 -0.995186 0
    outer loop
      vertex 36.3687 26.927 0
      vertex 37.11 27 2
      vertex 36.3687 26.927 2
    endloop
  endfacet
  facet normal 0.0980016 -0.995186 0
    outer loop
      vertex 37.11 27 2
      vertex 36.3687 26.927 0
      vertex 37.11 27 0
    endloop
  endfacet
  facet normal -0.634436 -0.772975 0
    outer loop
      vertex 39.2212 26.3596 0
      vertex 39.797 25.887 2
      vertex 39.2212 26.3596 2
    endloop
  endfacet
  facet normal -0.634436 -0.772975 -0
    outer loop
      vertex 39.797 25.887 2
      vertex 39.2212 26.3596 0
      vertex 39.797 25.887 0
    endloop
  endfacet
  facet normal 0.772975 -0.634436 0
    outer loop
      vertex 33.9504 25.3112 2
      vertex 34.423 25.887 0
      vertex 34.423 25.887 2
    endloop
  endfacet
  facet normal 0.772975 -0.634436 0
    outer loop
      vertex 34.423 25.887 0
      vertex 33.9504 25.3112 2
      vertex 33.9504 25.3112 0
    endloop
  endfacet
  facet normal 0.47132 -0.881962 0
    outer loop
      vertex 34.9988 26.3596 0
      vertex 35.6558 26.7107 2
      vertex 34.9988 26.3596 2
    endloop
  endfacet
  facet normal 0.47132 -0.881962 0
    outer loop
      vertex 35.6558 26.7107 2
      vertex 34.9988 26.3596 0
      vertex 35.6558 26.7107 0
    endloop
  endfacet
  facet normal -0.881962 -0.47132 0
    outer loop
      vertex 40.6207 24.6542 0
      vertex 40.2696 25.3112 2
      vertex 40.2696 25.3112 0
    endloop
  endfacet
  facet normal -0.881962 -0.47132 0
    outer loop
      vertex 40.2696 25.3112 2
      vertex 40.6207 24.6542 0
      vertex 40.6207 24.6542 2
    endloop
  endfacet
  facet normal -0.956924 -0.290339 0
    outer loop
      vertex 40.837 23.9413 0
      vertex 40.6207 24.6542 2
      vertex 40.6207 24.6542 0
    endloop
  endfacet
  facet normal -0.956924 -0.290339 0
    outer loop
      vertex 40.6207 24.6542 2
      vertex 40.837 23.9413 0
      vertex 40.837 23.9413 2
    endloop
  endfacet
  facet normal -0.772975 -0.634436 0
    outer loop
      vertex 40.2696 25.3112 0
      vertex 39.797 25.887 2
      vertex 39.797 25.887 0
    endloop
  endfacet
  facet normal -0.772975 -0.634436 0
    outer loop
      vertex 39.797 25.887 2
      vertex 40.2696 25.3112 0
      vertex 40.2696 25.3112 2
    endloop
  endfacet
  facet normal -0.290339 -0.956924 0
    outer loop
      vertex 37.8513 26.927 0
      vertex 38.5642 26.7107 2
      vertex 37.8513 26.927 2
    endloop
  endfacet
  facet normal -0.290339 -0.956924 -0
    outer loop
      vertex 38.5642 26.7107 2
      vertex 37.8513 26.927 0
      vertex 38.5642 26.7107 0
    endloop
  endfacet
  facet normal -0.0980016 -0.995186 0
    outer loop
      vertex 37.11 27 0
      vertex 37.8513 26.927 2
      vertex 37.11 27 2
    endloop
  endfacet
  facet normal -0.0980016 -0.995186 -0
    outer loop
      vertex 37.8513 26.927 2
      vertex 37.11 27 0
      vertex 37.8513 26.927 0
    endloop
  endfacet
  facet normal -0.47132 -0.881962 0
    outer loop
      vertex 38.5642 26.7107 0
      vertex 39.2212 26.3596 2
      vertex 38.5642 26.7107 2
    endloop
  endfacet
  facet normal -0.47132 -0.881962 -0
    outer loop
      vertex 39.2212 26.3596 2
      vertex 38.5642 26.7107 0
      vertex 39.2212 26.3596 0
    endloop
  endfacet
  facet normal 0.956924 -0.290339 0
    outer loop
      vertex 33.383 23.9413 2
      vertex 33.5993 24.6542 0
      vertex 33.5993 24.6542 2
    endloop
  endfacet
  facet normal 0.956924 -0.290339 0
    outer loop
      vertex 33.5993 24.6542 0
      vertex 33.383 23.9413 2
      vertex 33.383 23.9413 0
    endloop
  endfacet
  facet normal 0.881962 -0.47132 0
    outer loop
      vertex 33.5993 24.6542 2
      vertex 33.9504 25.3112 0
      vertex 33.9504 25.3112 2
    endloop
  endfacet
  facet normal 0.881962 -0.47132 0
    outer loop
      vertex 33.9504 25.3112 0
      vertex 33.5993 24.6542 2
      vertex 33.5993 24.6542 0
    endloop
  endfacet
  facet normal 0.995186 -0.0980016 0
    outer loop
      vertex 33.31 23.2 2
      vertex 33.383 23.9413 0
      vertex 33.383 23.9413 2
    endloop
  endfacet
  facet normal 0.995186 -0.0980016 0
    outer loop
      vertex 33.383 23.9413 0
      vertex 33.31 23.2 2
      vertex 33.31 23.2 0
    endloop
  endfacet
  facet normal 0.634436 -0.772975 0
    outer loop
      vertex 34.423 25.887 0
      vertex 34.9988 26.3596 2
      vertex 34.423 25.887 2
    endloop
  endfacet
  facet normal 0.634436 -0.772975 0
    outer loop
      vertex 34.9988 26.3596 2
      vertex 34.423 25.887 0
      vertex 34.9988 26.3596 0
    endloop
  endfacet
  facet normal 0.290339 -0.956924 0
    outer loop
      vertex 35.6558 26.7107 0
      vertex 36.3687 26.927 2
      vertex 35.6558 26.7107 2
    endloop
  endfacet
  facet normal 0.290339 -0.956924 0
    outer loop
      vertex 36.3687 26.927 2
      vertex 35.6558 26.7107 0
      vertex 36.3687 26.927 0
    endloop
  endfacet
  facet normal -0.995186 0.0980016 0
    outer loop
      vertex 40.837 22.4587 0
      vertex 40.91 23.2 2
      vertex 40.91 23.2 0
    endloop
  endfacet
  facet normal -0.995186 0.0980016 0
    outer loop
      vertex 40.91 23.2 2
      vertex 40.837 22.4587 0
      vertex 40.837 22.4587 2
    endloop
  endfacet
  facet normal 0.0980016 0.995186 -0
    outer loop
      vertex 37.11 19.4 0
      vertex 36.3687 19.473 2
      vertex 37.11 19.4 2
    endloop
  endfacet
  facet normal 0.0980016 0.995186 0
    outer loop
      vertex 36.3687 19.473 2
      vertex 37.11 19.4 0
      vertex 36.3687 19.473 0
    endloop
  endfacet
  facet normal 0.995186 0.0980016 0
    outer loop
      vertex 33.383 22.4587 2
      vertex 33.31 23.2 0
      vertex 33.31 23.2 2
    endloop
  endfacet
  facet normal 0.995186 0.0980016 0
    outer loop
      vertex 33.31 23.2 0
      vertex 33.383 22.4587 2
      vertex 33.383 22.4587 0
    endloop
  endfacet
  facet normal -0.634436 0.772975 0
    outer loop
      vertex 39.797 20.513 0
      vertex 39.2212 20.0404 2
      vertex 39.797 20.513 2
    endloop
  endfacet
  facet normal -0.634436 0.772975 0
    outer loop
      vertex 39.2212 20.0404 2
      vertex 39.797 20.513 0
      vertex 39.2212 20.0404 0
    endloop
  endfacet
  facet normal -0.956924 0.290339 0
    outer loop
      vertex 40.6207 21.7458 0
      vertex 40.837 22.4587 2
      vertex 40.837 22.4587 0
    endloop
  endfacet
  facet normal -0.956924 0.290339 0
    outer loop
      vertex 40.837 22.4587 2
      vertex 40.6207 21.7458 0
      vertex 40.6207 21.7458 2
    endloop
  endfacet
  facet normal 0.772975 0.634436 0
    outer loop
      vertex 34.423 20.513 2
      vertex 33.9504 21.0888 0
      vertex 33.9504 21.0888 2
    endloop
  endfacet
  facet normal 0.772975 0.634436 0
    outer loop
      vertex 33.9504 21.0888 0
      vertex 34.423 20.513 2
      vertex 34.423 20.513 0
    endloop
  endfacet
  facet normal 0.956924 0.290339 0
    outer loop
      vertex 33.5993 21.7458 2
      vertex 33.383 22.4587 0
      vertex 33.383 22.4587 2
    endloop
  endfacet
  facet normal 0.956924 0.290339 0
    outer loop
      vertex 33.383 22.4587 0
      vertex 33.5993 21.7458 2
      vertex 33.5993 21.7458 0
    endloop
  endfacet
  facet normal 0.881962 0.47132 0
    outer loop
      vertex 33.9504 21.0888 2
      vertex 33.5993 21.7458 0
      vertex 33.5993 21.7458 2
    endloop
  endfacet
  facet normal 0.881962 0.47132 0
    outer loop
      vertex 33.5993 21.7458 0
      vertex 33.9504 21.0888 2
      vertex 33.9504 21.0888 0
    endloop
  endfacet
  facet normal -0.290339 0.956924 0
    outer loop
      vertex 38.5642 19.6893 0
      vertex 37.8513 19.473 2
      vertex 38.5642 19.6893 2
    endloop
  endfacet
  facet normal -0.290339 0.956924 0
    outer loop
      vertex 37.8513 19.473 2
      vertex 38.5642 19.6893 0
      vertex 37.8513 19.473 0
    endloop
  endfacet
  facet normal -0.881962 0.47132 0
    outer loop
      vertex 40.2696 21.0888 0
      vertex 40.6207 21.7458 2
      vertex 40.6207 21.7458 0
    endloop
  endfacet
  facet normal -0.881962 0.47132 0
    outer loop
      vertex 40.6207 21.7458 2
      vertex 40.2696 21.0888 0
      vertex 40.2696 21.0888 2
    endloop
  endfacet
  facet normal -0.772975 0.634436 0
    outer loop
      vertex 39.797 20.513 0
      vertex 40.2696 21.0888 2
      vertex 40.2696 21.0888 0
    endloop
  endfacet
  facet normal -0.772975 0.634436 0
    outer loop
      vertex 40.2696 21.0888 2
      vertex 39.797 20.513 0
      vertex 39.797 20.513 2
    endloop
  endfacet
  facet normal -0.0980016 0.995186 0
    outer loop
      vertex 37.8513 19.473 0
      vertex 37.11 19.4 2
      vertex 37.8513 19.473 2
    endloop
  endfacet
  facet normal -0.0980016 0.995186 0
    outer loop
      vertex 37.11 19.4 2
      vertex 37.8513 19.473 0
      vertex 37.11 19.4 0
    endloop
  endfacet
  facet normal 0.47132 0.881962 -0
    outer loop
      vertex 35.6558 19.6893 0
      vertex 34.9988 20.0404 2
      vertex 35.6558 19.6893 2
    endloop
  endfacet
  facet normal 0.47132 0.881962 0
    outer loop
      vertex 34.9988 20.0404 2
      vertex 35.6558 19.6893 0
      vertex 34.9988 20.0404 0
    endloop
  endfacet
  facet normal 0.634436 0.772975 -0
    outer loop
      vertex 34.9988 20.0404 0
      vertex 34.423 20.513 2
      vertex 34.9988 20.0404 2
    endloop
  endfacet
  facet normal 0.634436 0.772975 0
    outer loop
      vertex 34.423 20.513 2
      vertex 34.9988 20.0404 0
      vertex 34.423 20.513 0
    endloop
  endfacet
  facet normal -0.47132 0.881962 0
    outer loop
      vertex 39.2212 20.0404 0
      vertex 38.5642 19.6893 2
      vertex 39.2212 20.0404 2
    endloop
  endfacet
  facet normal -0.47132 0.881962 0
    outer loop
      vertex 38.5642 19.6893 2
      vertex 39.2212 20.0404 0
      vertex 38.5642 19.6893 0
    endloop
  endfacet
  facet normal 0.290339 0.956924 -0
    outer loop
      vertex 36.3687 19.473 0
      vertex 35.6558 19.6893 2
      vertex 36.3687 19.473 2
    endloop
  endfacet
  facet normal 0.290339 0.956924 0
    outer loop
      vertex 35.6558 19.6893 2
      vertex 36.3687 19.473 0
      vertex 35.6558 19.6893 0
    endloop
  endfacet
  facet normal 0 0 -1
    outer loop
      vertex 72.8 5.4 8.5
      vertex 74.8 7 8.5
      vertex 74.8 5.4 8.5
    endloop
  endfacet
  facet normal -0 0 -1
    outer loop
      vertex 74.8 7 8.5
      vertex 72.8 5.4 8.5
      vertex 72.8 7 8.5
    endloop
  endfacet
  facet normal 0 -1 0
    outer loop
      vertex 72.8 7 3.5
      vertex 74.8 7 8.5
      vertex 72.8 7 8.5
    endloop
  endfacet
  facet normal 0 -1 -0
    outer loop
      vertex 74.8 7 8.5
      vertex 72.8 7 3.5
      vertex 74.8 7 3.5
    endloop
  endfacet
  facet normal -0 0 1
    outer loop
      vertex 72.8 7 3.5
      vertex 74.8 5.4 3.5
      vertex 74.8 7 3.5
    endloop
  endfacet
  facet normal 0 0 1
    outer loop
      vertex 74.8 5.4 3.5
      vertex 72.8 7 3.5
      vertex 72.8 5.4 3.5
    endloop
  endfacet
  facet normal 0 1 -0
    outer loop
      vertex 74.8 5.4 3.5
      vertex 72.8 5.4 8.5
      vertex 74.8 5.4 8.5
    endloop
  endfacet
  facet normal 0 1 0
    outer loop
      vertex 72.8 5.4 8.5
      vertex 74.8 5.4 3.5
      vertex 72.8 5.4 3.5
    endloop
  endfacet
  facet normal 0 0 -1
    outer loop
      vertex 72.8 10.4 8.5
      vertex 74.8 12 8.5
      vertex 74.8 10.4 8.5
    endloop
  endfacet
  facet normal -0 0 -1
    outer loop
      vertex 74.8 12 8.5
      vertex 72.8 10.4 8.5
      vertex 72.8 12 8.5
    endloop
  endfacet
  facet normal 0 -1 0
    outer loop
      vertex 72.8 12 3.5
      vertex 74.8 12 8.5
      vertex 72.8 12 8.5
    endloop
  endfacet
  facet normal 0 -1 -0
    outer loop
      vertex 74.8 12 8.5
      vertex 72.8 12 3.5
      vertex 74.8 12 3.5
    endloop
  endfacet
  facet normal -0 0 1
    outer loop
      vertex 72.8 12 3.5
      vertex 74.8 10.4 3.5
      vertex 74.8 12 3.5
    endloop
  endfacet
  facet normal 0 0 1
    outer loop
      vertex 74.8 10.4 3.5
      vertex 72.8 12 3.5
      vertex 72.8 10.4 3.5
    endloop
  endfacet
  facet normal 0 1 -0
    outer loop
      vertex 74.8 10.4 3.5
      vertex 72.8 10.4 8.5
      vertex 74.8 10.4 8.5
    endloop
  endfacet
  facet normal 0 1 0
    outer loop
      vertex 72.8 10.4 8.5
      vertex 74.8 10.4 3.5
      vertex 72.8 10.4 3.5
    endloop
  endfacet
  facet normal 0 0 -1
    outer loop
      vertex 72.8 15.4 8.5
      vertex 74.8 17 8.5
      vertex 74.8 15.4 8.5
    endloop
  endfacet
  facet normal -0 0 -1
    outer loop
      vertex 74.8 17 8.5
      vertex 72.8 15.4 8.5
      vertex 72.8 17 8.5
    endloop
  endfacet
  facet normal -0 0 1
    outer loop
      vertex 72.8 17 3.5
      vertex 74.8 15.4 3.5
      vertex 74.8 17 3.5
    endloop
  endfacet
  facet normal 0 0 1
    outer loop
      vertex 74.8 15.4 3.5
      vertex 72.8 17 3.5
      vertex 72.8 15.4 3.5
    endloop
  endfacet
  facet normal 0 1 -0
    outer loop
      vertex 74.8 15.4 3.5
      vertex 72.8 15.4 8.5
      vertex 74.8 15.4 8.5
    endloop
  endfacet
  facet normal 0 1 0
    outer loop
      vertex 72.8 15.4 8.5
      vertex 74.8 15.4 3.5
      vertex 72.8 15.4 3.5
    endloop
  endfacet
  facet normal 0 -1 0
    outer loop
      vertex 72.8 17 3.5
      vertex 74.8 17 8.5
      vertex 72.8 17 8.5
    endloop
  endfacet
  facet normal 0 -1 -0
    outer loop
      vertex 74.8 17 8.5
      vertex 72.8 17 3.5
      vertex 74.8 17 3.5
    endloop
  endfacet
  facet normal 1 -0 0
    outer loop
      vertex 54.4 0 5.1
      vertex 54.4 2 3.5
      vertex 54.4 2 5.1
    endloop
  endfacet
  facet normal 1 0 0
    outer loop
      vertex 54.4 2 3.5
      vertex 54.4 0 5.1
      vertex 54.4 0 3.5
    endloop
  endfacet
  facet normal 0 0 -1
    outer loop
      vertex 54.4 0 5.1
      vertex 69.4 2 5.1
      vertex 69.4 0 5.1
    endloop
  endfacet
  facet normal -0 0 -1
    outer loop
      vertex 69.4 2 5.1
      vertex 54.4 0 5.1
      vertex 54.4 2 5.1
    endloop
  endfacet
  facet normal -1 0 0
    outer loop
      vertex 69.4 0 3.5
      vertex 69.4 2 5.1
      vertex 69.4 2 3.5
    endloop
  endfacet
  facet normal -1 -0 0
    outer loop
      vertex 69.4 2 5.1
      vertex 69.4 0 3.5
      vertex 69.4 0 5.1
    endloop
  endfacet
  facet normal -0 0 1
    outer loop
      vertex 54.4 2 3.5
      vertex 69.4 0 3.5
      vertex 69.4 2 3.5
    endloop
  endfacet
  facet normal 0 0 1
    outer loop
      vertex 69.4 0 3.5
      vertex 54.4 2 3.5
      vertex 54.4 0 3.5
    endloop
  endfacet
  facet normal 1 -0 0
    outer loop
      vertex 54.4 0 7.3
      vertex 54.4 2 5.7
      vertex 54.4 2 7.3
    endloop
  endfacet
  facet normal 1 0 0
    outer loop
      vertex 54.4 2 5.7
      vertex 54.4 0 7.3
      vertex 54.4 0 5.7
    endloop
  endfacet
  facet normal 0 0 -1
    outer loop
      vertex 54.4 0 7.3
      vertex 69.4 2 7.3
      vertex 69.4 0 7.3
    endloop
  endfacet
  facet normal -0 0 -1
    outer loop
      vertex 69.4 2 7.3
      vertex 54.4 0 7.3
      vertex 54.4 2 7.3
    endloop
  endfacet
  facet normal -1 0 0
    outer loop
      vertex 69.4 0 5.7
      vertex 69.4 2 7.3
      vertex 69.4 2 5.7
    endloop
  endfacet
  facet normal -1 -0 0
    outer loop
      vertex 69.4 2 7.3
      vertex 69.4 0 5.7
      vertex 69.4 0 7.3
    endloop
  endfacet
  facet normal -0 0 1
    outer loop
      vertex 54.4 2 5.7
      vertex 69.4 0 5.7
      vertex 69.4 2 5.7
    endloop
  endfacet
  facet normal 0 0 1
    outer loop
      vertex 69.4 0 5.7
      vertex 54.4 2 5.7
      vertex 54.4 0 5.7
    endloop
  endfacet
  facet normal 1 -0 0
    outer loop
      vertex 54.4 0 9.5
      vertex 54.4 2 7.9
      vertex 54.4 2 9.5
    endloop
  endfacet
  facet normal 1 0 0
    outer loop
      vertex 54.4 2 7.9
      vertex 54.4 0 9.5
      vertex 54.4 0 7.9
    endloop
  endfacet
  facet normal 0 0 -1
    outer loop
      vertex 54.4 0 9.5
      vertex 69.4 2 9.5
      vertex 69.4 0 9.5
    endloop
  endfacet
  facet normal -0 0 -1
    outer loop
      vertex 69.4 2 9.5
      vertex 54.4 0 9.5
      vertex 54.4 2 9.5
    endloop
  endfacet
  facet normal -1 0 0
    outer loop
      vertex 69.4 0 7.9
      vertex 69.4 2 9.5
      vertex 69.4 2 7.9
    endloop
  endfacet
  facet normal -1 -0 0
    outer loop
      vertex 69.4 2 9.5
      vertex 69.4 0 7.9
      vertex 69.4 0 9.5
    endloop
  endfacet
  facet normal -0 0 1
    outer loop
      vertex 54.4 2 7.9
      vertex 69.4 0 7.9
      vertex 69.4 2 7.9
    endloop
  endfacet
  facet normal 0 0 1
    outer loop
      vertex 69.4 0 7.9
      vertex 54.4 2 7.9
      vertex 54.4 0 7.9
    endloop
  endfacet
  facet normal 1 -0 0
    outer loop
      vertex 12.9 33.4 2
      vertex 12.9 57.11 0
      vertex 12.9 57.11 2
    endloop
  endfacet
  facet normal 1 0 0
    outer loop
      vertex 12.9 57.11 0
      vertex 12.9 33.4 2
      vertex 12.9 33.4 0
    endloop
  endfacet
  facet normal -1 0 0
    outer loop
      vertex 61.45 33.4 0
      vertex 61.45 57.11 2
      vertex 61.45 57.11 0
    endloop
  endfacet
  facet normal -1 -0 0
    outer loop
      vertex 61.45 57.11 2
      vertex 61.45 33.4 0
      vertex 61.45 33.4 2
    endloop
  endfacet
  facet normal 0 1 -0
    outer loop
      vertex 61.45 33.4 0
      vertex 12.9 33.4 2
      vertex 61.45 33.4 2
    endloop
  endfacet
  facet normal 0 1 0
    outer loop
      vertex 12.9 33.4 2
      vertex 61.45 33.4 0
      vertex 12.9 33.4 0
    endloop
  endfacet
  facet normal 0 -1 0
    outer loop
      vertex 12.9 57.11 0
      vertex 61.45 57.11 2
      vertex 12.9 57.11 2
    endloop
  endfacet
  facet normal 0 -1 -0
    outer loop
      vertex 61.45 57.11 2
      vertex 12.9 57.11 0
      vertex 61.45 57.11 0
    endloop
  endfacet
  facet normal 0 0 -1
    outer loop
      vertex 0 6.65 7
      vertex 2 16.15 7
      vertex 2 6.65 7
    endloop
  endfacet
  facet normal -0 0 -1
    outer loop
      vertex 2 16.15 7
      vertex 0 6.65 7
      vertex 0 16.15 7
    endloop
  endfacet
  facet normal 0 -1 0
    outer loop
      vertex 0 16.15 3
      vertex 2 16.15 7
      vertex 0 16.15 7
    endloop
  endfacet
  facet normal 0 -1 -0
    outer loop
      vertex 2 16.15 7
      vertex 0 16.15 3
      vertex 2 16.15 3
    endloop
  endfacet
  facet normal -0 0 1
    outer loop
      vertex 0 16.15 3
      vertex 2 6.65 3
      vertex 2 16.15 3
    endloop
  endfacet
  facet normal 0 0 1
    outer loop
      vertex 2 6.65 3
      vertex 0 16.15 3
      vertex 0 6.65 3
    endloop
  endfacet
  facet normal 0 1 -0
    outer loop
      vertex 2 6.65 3
      vertex 0 6.65 7
      vertex 2 6.65 7
    endloop
  endfacet
  facet normal 0 1 0
    outer loop
      vertex 0 6.65 7
      vertex 2 6.65 3
      vertex 0 6.65 3
    endloop
  endfacet
endsolid OpenSCAD_Model
